172.16.16.100,172.16.16.101,172.16.16.102,172.16.16.103,172.16.16.104,172.16.16.105,172.16.16.106,172.16.16.107,172.16.16.108,172.16.16.109,172.16.16.10,172.16.16.110,172.16.16.111,172.16.16.112,172.16.16.113,172.16.16.114,172.16.16.115,172.16.16.116,172.16.16.117,172.16.16.118,172.16.16.119,172.16.16.11,172.16.16.120,172.16.16.121,172.16.16.122,172.16.16.123,172.16.16.124,172.16.16.125,172.16.16.126,172.16.16.127,172.16.16.128,172.16.16.129,172.16.16.12,172.16.16.130,172.16.16.131,172.16.16.132,172.16.16.133,172.16.16.134,172.16.16.135,172.16.16.136,172.16.16.137,172.16.16.138,172.16.16.139,172.16.16.13,172.16.16.140,172.16.16.141,172.16.16.142,172.16.16.143,172.16.16.144,172.16.16.145,172.16.16.146,172.16.16.147,172.16.16.148,172.16.16.149,172.16.16.14,172.16.16.150,172.16.16.151,172.16.16.152,172.16.16.153,172.16.16.154,172.16.16.155,172.16.16.156,172.16.16.157,172.16.16.158,172.16.16.159,172.16.16.15,172.16.16.160,172.16.16.161,172.16.16.162,172.16.16.163,172.16.16.164,172.16.16.165,172.16.16.166,172.16.16.167,172.16.16.168,172.16.16.169,172.16.16.16,172.16.16.170,172.16.16.171,172.16.16.172,172.16.16.173,172.16.16.174,172.16.16.175,172.16.16.176,172.16.16.177,172.16.16.178,172.16.16.179,172.16.16.17,172.16.16.180,172.16.16.181,172.16.16.182,172.16.16.183,172.16.16.184,172.16.16.185,172.16.16.186,172.16.16.187,172.16.16.188,172.16.16.189,172.16.16.18,172.16.16.190,172.16.16.191,172.16.16.192,172.16.16.193,172.16.16.194,172.16.16.195,172.16.16.196,172.16.16.197,172.16.16.198,172.16.16.199,172.16.16.19,172.16.16.200,172.16.16.201,172.16.16.202,172.16.16.203,172.16.16.204,172.16.16.205,172.16.16.206,172.16.16.207,172.16.16.208,172.16.16.209,172.16.16.20,172.16.16.210,172.16.16.211,172.16.16.212,172.16.16.213,172.16.16.214,172.16.16.215,172.16.16.216,172.16.16.217,172.16.16.218,172.16.16.219,172.16.16.21,172.16.16.220,172.16.16.221,172.16.16.222,172.16.16.223,172.16.16.224,172.16.16.225,172.16.16.226,172.16.16.227,172.16.16.228,172.16.16.229,172.16.16.22,172.16.16.230,172.16.16.231,172.16.16.232,172.16.16.233,172.16.16.234,172.16.16.235,172.16.16.236,172.16.16.237,172.16.16.238,172.16.16.239,172.16.16.23,172.16.16.240,172.16.16.241,172.16.16.242,172.16.16.243,172.16.16.244,172.16.16.245,172.16.16.246,172.16.16.247,172.16.16.248,172.16.16.249,172.16.16.24,172.16.16.250,172.16.16.251,172.16.16.252,172.16.16.253,172.16.16.254,172.16.16.25,172.16.16.26,172.16.16.27,172.16.16.28,172.16.16.29,172.16.16.2,172.16.16.30,172.16.16.31,172.16.16.32,172.16.16.33,172.16.16.34,172.16.16.35,172.16.16.36,172.16.16.37,172.16.16.38,172.16.16.39,172.16.16.3,172.16.16.40,172.16.16.41,172.16.16.42,172.16.16.43,172.16.16.44,172.16.16.45,172.16.16.46,172.16.16.47,172.16.16.48,172.16.16.49,172.16.16.4,172.16.16.50,172.16.16.51,172.16.16.52,172.16.16.53,172.16.16.54,172.16.16.55,172.16.16.56,172.16.16.57,172.16.16.58,172.16.16.59,172.16.16.5,172.16.16.60,172.16.16.61,172.16.16.62,172.16.16.63,172.16.16.64,172.16.16.65,172.16.16.66,172.16.16.67,172.16.16.68,172.16.16.69,172.16.16.6,172.16.16.70,172.16.16.71,172.16.16.72,172.16.16.73,172.16.16.74,172.16.16.75,172.16.16.76,172.16.16.77,172.16.16.78,172.16.16.79,172.16.16.7,172.16.16.80,172.16.16.81,172.16.16.82,172.16.16.83,172.16.16.84,172.16.16.85,172.16.16.86,172.16.16.87,172.16.16.88,172.16.16.89,172.16.16.8,172.16.16.90,172.16.16.91,172.16.16.92,172.16.16.93,172.16.16.94,172.16.16.95,172.16.16.96,172.16.16.97,172.16.16.98,172.16.16.99,172.16.16.9
8.61,5.79,3.49,2.96,2.56,3.12,3.46,3.14,2.90,2.83,2.92,3.14,3.54,3.13,2.82,2.88,3.15,3.33,3.28,2.99,2.91,2.42,2.68,3.21,3.68,3.47,3.65,3.61,3.20,3.39,3.36,3.10,2.68,2.58,3.23,3.28,3.35,3.06,2.88,2.88,2.94,3.15,3.10,3.14,2.56,2.99,3.24,3.25,3.28,3.11,2.49,3.00,3.05,3.24,3.39,3.07,2.85,2.92,2.76,3.95
1.74,2.18,1.33,1.01,1.09,1.04,1.06,1.06,.928,.971,.991,1.03,1.04,1.00,.959,.943,1.01,1.07,1.05,.987,.978,.978,1.02,1.08,1.06,1.06,.980,.956,.993,1.06,.987,.985,.975,.995,1.02,1.02,1.09,.987,.947,.952,1.06,1.05,1.01,.983,.969,.934,1.05,1.06,.995,1.00,.987,.943,1.02,1.05,1.03,1.03,.944,.888,1.09,1.45
5.39,3.14,3.41,3.74,2.86,2.78,2.73,2.33,2.84,3.07,2.91,2.80,2.72,2.29,2.34,2.51,2.86,2.99,2.82,2.32,2.54,2.52,2.85,2.94,2.72,2.37,2.61,2.31,2.92,2.92,2.74,2.21,2.39,3.12,2.92,2.80,3.00,2.81,2.25,2.49,2.95,2.99,2.86,2.39,2.29,2.38,2.86,2.94,2.68,2.29,2.48,2.91,2.89,2.96,2.77,2.51,2.46,2.79,3.10,3.88
4.24,4.88,3.72,2.61,2.33,2.47,2.62,3.01,2.74,2.59,2.41,2.39,2.68,3.13,2.75,2.51,2.48,2.65,2.58,3.09,2.78,2.37,2.27,2.36,2.65,3.08,2.88,2.48,2.66,2.86,2.97,2.79,2.77,2.57,2.41,2.46,2.64,3.00,2.73,2.39,2.45,2.43,2.67,3.10,2.61,2.69,2.37,2.25,2.55,3.08,2.91,2.58,2.27,2.33,2.57,2.98,2.86,2.47,2.64,3.39
8.13,6.21,1.83,1.36,1.06,1.06,1.18,1.25,1.15,1.22,1.19,1.14,1.25,1.21,1.20,1.25,1.08,1.11,1.17,1.25,1.24,1.16,1.10,1.13,1.11,1.22,1.17,1.16,1.17,1.14,1.21,1.27,1.18,1.21,1.08,1.12,1.24,1.26,1.13,1.25,1.12,1.14,1.17,1.22,1.14,1.17,1.14,1.16,1.20,1.26,1.12,1.19,1.20,1.14,1.13,1.31,1.15,1.24,1.17,1.35
3.28,1.97,1.97,1.72,1.41,1.30,1.38,1.42,1.32,1.55,1.45,1.38,1.33,1.50,1.52,1.56,1.46,1.34,1.37,1.34,1.50,1.56,1.46,1.37,1.37,1.44,1.33,1.61,1.48,1.32,1.32,1.44,1.57,1.52,1.48,1.28,1.36,1.46,1.47,1.53,1.44,1.37,1.31,1.49,1.33,1.58,1.50,1.36,1.42,1.44,1.52,1.52,1.53,1.36,1.47,1.51,1.51,1.54,1.65,1.71
4.46,3.42,2.82,2.19,2.69,2.77,2.81,2.70,2.55,2.52,2.62,2.73,2.92,2.84,2.59,2.61,2.67,2.83,2.94,2.51,2.52,2.51,2.69,3.00,2.91,2.58,2.63,2.38,2.54,2.75,2.69,2.76,2.57,2.54,2.43,2.64,2.89,2.62,2.48,2.31,2.81,2.82,3.05,2.75,2.63,2.44,2.80,2.77,3.00,2.63,2.56,2.25,2.46,2.72,3.04,2.82,2.38,2.62,2.95,3.64
7.18,3.66,2.92,3.24,3.17,3.08,2.90,2.69,2.56,2.78,3.06,3.00,2.91,2.28,2.43,2.61,3.16,3.02,2.82,2.54,2.58,3.02,2.96,3.04,2.95,2.22,2.49,2.83,2.95,3.08,2.87,2.57,2.39,2.66,3.09,3.05,2.81,2.35,2.38,2.88,3.05,3.13,2.88,2.47,2.51,2.60,2.78,3.04,2.76,2.72,2.67,2.77,3.06,3.03,2.81,2.38,2.60,3.11,3.19,4.02
3.24,3.16,3.86,2.43,2.46,2.50,2.70,2.62,3.06,2.87,2.42,2.31,2.64,2.65,3.09,2.64,2.67,2.28,2.45,2.47,3.11,2.44,2.38,2.38,2.74,2.64,3.15,2.72,2.40,2.25,2.70,2.79,3.11,2.83,2.32,2.32,2.78,2.56,3.10,2.63,2.54,2.40,2.68,2.63,3.23,2.73,2.67,2.44,2.57,2.71,3.19,2.64,2.46,2.54,2.60,2.73,3.13,2.38,2.69,3.21
8.00,4.30,3.64,2.65,1.82,1.83,1.81,1.61,1.62,1.53,1.66,1.81,1.80,1.64,1.82,1.88,1.51,1.85,1.79,1.43,1.69,1.46,1.68,1.80,1.90,1.54,1.58,1.51,1.60,1.73,1.81,1.58,1.46,1.71,1.71,1.75,1.84,1.50,1.54,1.54,1.64,1.85,1.76,1.67,1.55,1.51,1.70,1.73,1.92,1.54,1.59,1.46,1.74,1.76,1.76,1.56,1.47,1.56,1.77,2.35
10.0,9.86,6.45,3.79,3.29,2.60,2.92,3.03,2.83,2.72,2.48,2.41,2.75,3.02,2.53,2.30,2.27,2.30,2.69,2.87,2.70,2.46,2.51,2.56,2.64,2.97,2.72,2.66,2.41,2.46,2.54,2.88,2.67,2.30,2.36,2.44,3.06,2.97,2.68,2.45,2.36,2.43,2.53,3.00,2.75,2.41,2.35,2.51,2.59,3.10,2.43,2.55,2.22,2.52,2.98,2.92,2.77,2.54,2.53,2.39
6.44,3.74,3.64,3.29,3.08,2.97,2.39,2.42,2.66,3.06,3.10,2.94,3.22,2.67,2.71,3.24,2.86,2.40,2.62,2.61,3.26,3.25,2.94,2.76,2.47,2.13,2.80,3.05,3.19,2.85,2.65,2.34,2.63,3.12,2.96,2.54,2.87,2.45,2.68,3.18,3.21,2.79,2.60,2.70,2.91,3.11,3.18,2.84,2.51,2.68,3.03,3.07,3.03,2.60,2.59,2.29,2.90,3.15,3.66,3.54
4.70,4.82,3.40,2.78,2.22,2.80,2.91,2.83,2.79,2.53,2.32,2.25,2.68,3.06,2.74,2.69,3.10,2.42,2.50,2.98,2.87,2.37,2.52,2.40,3.07,3.00,2.46,2.41,2.53,2.49,2.69,3.10,2.75,2.57,2.26,2.67,3.00,2.84,2.50,2.57,2.55,2.56,2.89,2.94,2.77,2.42,2.32,2.64,2.76,3.01,2.67,2.59,2.24,2.29,2.66,3.09,2.68,2.43,2.68,2.91
2.14,2.29,1.59,1.65,1.54,1.75,1.81,1.84,1.60,1.56,1.59,1.76,1.86,1.76,1.53,1.49,1.64,1.78,1.83,1.70,1.54,1.59,1.61,1.69,1.84,1.66,1.57,1.52,1.73,1.72,1.73,1.73,1.48,1.75,1.91,1.83,1.69,1.69,1.57,1.62,1.65,1.72,1.84,1.83,1.41,1.55,1.49,1.78,1.81,1.67,1.62,1.35,1.59,1.78,1.80,1.70,1.47,1.55,2.96,4.48
2.99,4.06,3.20,2.98,2.80,2.35,2.39,2.76,2.80,2.77,2.82,2.53,2.42,2.62,2.63,2.73,2.77,2.47,2.35,2.74,2.47,2.72,2.59,2.60,2.57,2.81,2.76,2.73,2.77,2.48,2.74,3.01,2.69,2.63,2.78,2.49,2.51,2.57,2.86,2.95,2.54,2.90,2.84,2.60,2.78,2.82,2.60,2.52,2.60,2.54,3.01,2.72,2.54,2.53,2.49,2.74,2.34,2.69,3.16,3.23
2.97,3.74,3.18,2.96,2.40,2.38,2.56,2.64,2.94,2.96,2.53,2.38,2.52,2.65,3.00,2.94,2.56,2.60,2.60,2.70,2.88,2.70,2.46,2.46,2.60,2.97,3.08,2.88,2.58,2.18,2.57,2.76,3.00,2.96,2.56,2.65,3.12,2.92,2.79,2.78,2.40,2.52,2.47,2.45,3.00,2.98,2.49,2.47,2.74,2.71,2.83,2.71,2.63,2.34,2.56,2.70,3.00,2.98,2.73,2.91
3.73,4.73,3.44,2.82,2.53,2.39,2.62,2.98,2.82,2.76,2.33,2.38,2.43,2.97,2.87,2.84,2.99,2.45,2.65,2.89,2.75,2.62,2.40,2.24,2.66,3.15,2.86,2.34,2.28,2.54,2.37,3.07,2.78,2.67,2.58,2.44,2.57,3.15,2.74,2.40,2.51,2.44,2.51,2.93,2.83,2.64,2.41,2.41,3.02,3.02,2.54,2.64,2.34,2.29,2.54,3.09,2.82,2.48,2.82,2.93
6.81,4.31,1.87,1.40,1.22,1.60,1.59,1.49,1.41,1.49,1.52,1.67,1.61,1.39,1.52,1.45,1.56,1.70,1.57,1.51,1.35,1.44,1.42,1.65,1.58,1.48,1.43,1.38,1.57,1.61,1.60,1.45,1.49,1.44,1.52,1.67,1.59,1.46,1.46,1.48,1.37,1.59,1.61,1.44,1.51,1.46,1.59,1.63,1.60,1.51,1.34,1.45,1.45,1.68,1.61,1.59,1.64,1.43,1.48,2.06
4.87,4.27,2.88,2.42,2.43,2.64,2.98,2.84,2.44,2.51,2.34,2.42,2.84,2.84,2.47,2.37,2.49,2.71,2.88,2.71,2.47,2.37,2.52,2.46,2.97,2.85,2.46,2.37,2.50,2.57,3.03,2.98,2.43,2.34,2.49,2.68,2.86,2.86,2.55,2.31,2.40,2.63,3.05,2.66,2.57,2.33,2.47,2.55,2.95,2.53,2.31,2.54,2.27,2.42,2.97,2.87,2.37,2.50,2.95,3.53
6.37,4.96,3.93,2.56,2.08,2.71,2.94,3.29,3.03,2.78,2.12,2.49,2.88,3.23,2.96,2.84,2.44,2.68,2.82,3.26,3.09,2.73,2.62,2.40,2.71,3.14,3.02,2.83,2.46,2.62,2.92,3.22,2.87,2.58,2.27,2.59,2.91,3.18,2.94,2.43,2.66,2.70,2.93,3.26,2.95,2.65,2.46,2.59,3.01,3.26,3.01,2.71,2.52,2.61,2.71,3.29,2.98,2.71,2.36,3.29
3.02,3.98,3.90,3.18,2.68,2.50,2.43,2.59,2.99,2.88,2.53,2.34,2.49,2.46,3.13,2.82,2.59,2.26,2.38,2.74,2.92,2.87,2.54,2.34,2.38,2.70,3.10,2.83,2.30,2.46,2.77,2.56,2.90,2.88,2.34,2.45,2.43,2.67,2.94,2.91,2.68,2.99,2.58,2.58,3.04,2.91,2.60,2.37,2.56,2.79,3.01,2.78,2.43,2.24,2.53,2.67,2.99,2.66,2.43,3.32
10.0,9.42,4.07,3.45,3.26,3.45,2.72,2.90,2.62,2.65,2.53,2.99,2.75,2.61,2.30,2.42,2.80,2.98,2.99,2.56,2.30,2.34,2.74,2.81,2.77,2.73,2.39,2.31,2.44,3.09,2.78,2.48,2.62,2.29,2.78,3.12,2.79,2.80,2.43,2.56,2.53,3.06,2.91,2.31,2.67,2.43,2.59,3.05,2.96,2.63,2.88,2.81,2.66,2.94,2.67,2.66,2.55,2.69,2.45,3.01
3.95,3.62,3.55,2.68,2.32,2.34,2.62,2.89,3.04,2.91,2.52,2.46,2.30,2.91,2.87,2.72,2.51,2.51,2.79,2.82,2.88,2.84,2.39,2.37,2.86,2.74,3.05,2.60,2.28,2.35,2.66,2.86,3.01,2.89,3.05,2.63,2.58,3.07,2.80,2.80,2.59,2.51,2.63,2.81,3.10,2.62,2.48,3.05,2.83,2.50,3.05,2.71,2.22,2.47,2.63,2.91,3.04,2.73,2.95,3.48
5.75,4.24,3.35,3.71,3.35,3.30,2.90,2.66,2.92,3.64,3.69,3.38,2.50,2.84,2.75,3.53,3.54,3.29,2.89,2.86,2.96,3.36,3.48,3.43,2.43,2.44,2.96,3.43,3.49,3.55,2.90,2.42,3.09,3.60,3.36,3.25,2.63,2.81,3.02,3.66,3.58,3.26,2.66,2.54,3.17,3.60,3.63,3.19,2.68,2.78,3.03,3.61,3.56,3.24,2.80,2.49,3.34,3.52,3.90,4.08
4.68,3.57,2.45,2.18,2.73,2.98,3.03,2.66,2.35,2.32,2.54,2.92,3.01,2.88,2.41,2.29,2.64,2.88,2.90,2.81,3.00,2.83,2.53,2.88,3.00,2.79,2.63,2.30,2.54,2.91,3.01,2.71,2.30,2.42,2.46,2.97,2.94,2.58,2.34,2.33,2.11,2.70,2.97,2.65,2.59,2.29,2.55,2.66,3.02,2.78,2.24,2.73,3.03,2.67,2.93,2.69,2.44,2.25,3.39,4.43
6.04,3.76,3.23,3.12,3.53,3.10,2.80,2.43,2.96,3.12,3.63,3.41,3.05,2.73,2.88,3.87,3.54,3.23,2.88,2.66,2.74,3.09,3.42,2.99,2.75,2.67,2.76,3.13,3.76,3.36,2.96,2.98,3.05,3.21,3.52,3.22,3.28,2.82,3.12,3.08,3.59,3.36,3.20,2.50,2.86,3.30,3.71,3.48,3.17,2.48,2.97,3.14,3.55,3.49,2.93,2.65,2.74,3.07,4.12,3.93
3.05,2.84,3.07,3.02,2.89,2.49,2.56,2.60,2.50,2.97,2.75,2.49,2.35,2.26,2.62,3.08,3.02,2.62,2.52,2.53,2.48,3.00,2.86,2.73,2.59,2.47,2.57,3.03,2.54,2.51,2.46,2.40,2.55,2.80,2.76,2.78,2.46,2.13,2.53,3.00,2.95,2.93,2.76,2.32,2.74,2.91,2.51,2.61,2.42,2.35,2.50,2.91,2.78,2.80,2.50,2.36,2.64,2.99,3.51,3.75
4.80,4.72,3.49,2.53,2.32,2.50,2.92,3.30,2.79,2.62,2.33,2.68,2.74,3.11,3.06,2.83,2.53,2.53,2.92,3.31,2.94,2.52,2.50,2.84,2.72,3.36,3.08,2.79,2.14,2.34,2.86,3.22,3.11,2.83,2.41,2.91,2.99,3.22,3.02,2.49,2.39,2.61,2.85,3.10,2.92,2.63,2.41,2.72,2.92,3.34,2.75,2.75,2.49,2.56,2.84,3.27,2.91,2.60,2.51,3.39
4.67,3.35,2.52,2.40,2.47,3.10,2.85,2.75,2.35,2.30,2.75,2.92,2.74,2.75,2.21,2.42,2.86,3.09,2.93,2.61,2.09,2.44,2.69,3.03,2.75,2.80,2.30,2.49,2.64,2.98,2.83,2.50,2.19,2.51,2.54,3.22,2.78,2.79,2.11,2.38,2.71,3.11,2.69,2.51,2.37,2.48,2.47,3.03,2.95,2.70,2.15,2.60,2.68,3.09,2.88,2.66,2.15,2.64,2.76,4.61
4.26,4.30,3.05,2.72,2.21,2.20,2.66,3.05,2.71,2.50,2.38,2.60,3.00,2.76,2.59,2.57,2.37,2.43,2.79,3.02,2.65,2.66,2.33,2.27,2.42,2.85,2.66,2.58,2.26,2.29,2.60,3.07,2.63,2.62,2.30,2.44,2.68,2.99,2.77,2.49,2.35,2.36,2.63,3.15,2.83,2.61,2.54,3.09,2.69,2.60,2.58,2.72,2.40,2.46,2.58,3.07,2.79,2.51,2.55,2.85
5.31,2.78,2.68,3.09,3.59,2.61,3.13,2.66,2.78,3.13,3.66,3.24,2.81,2.80,2.39,3.42,3.57,2.98,2.94,2.74,2.91,3.23,3.54,2.69,3.13,2.62,2.63,3.17,3.57,3.30,3.15,2.45,2.73,3.18,3.67,3.22,3.10,2.87,2.54,3.17,3.59,2.72,3.23,2.70,2.83,3.15,3.75,2.98,3.05,2.62,2.78,3.10,3.58,3.14,2.95,2.71,2.94,3.08,4.42,3.52
3.66,4.38,3.20,2.37,2.45,2.50,2.93,3.05,2.95,2.74,2.69,2.41,2.97,3.10,3.13,2.68,2.22,2.58,2.93,3.18,2.92,2.63,3.21,2.99,2.46,3.29,3.00,2.78,2.40,2.72,2.71,3.36,2.76,2.77,2.48,2.73,2.73,3.14,2.82,2.51,2.37,2.71,2.98,3.11,3.06,2.71,2.59,2.61,2.85,3.06,2.96,2.81,2.61,2.80,2.77,3.09,3.10,3.43,3.14,3.17
10.0,9.32,4.68,4.72,3.82,2.71,2.62,2.51,2.65,3.00,2.79,2.74,2.51,2.22,2.80,3.06,2.94,2.68,2.58,2.62,2.57,3.07,2.78,2.52,2.41,2.40,2.67,3.15,2.83,2.83,2.57,2.08,2.67,3.02,2.84,2.42,2.36,2.38,2.64,2.83,2.93,2.69,2.58,2.41,2.51,3.06,2.86,2.56,2.44,2.21,2.82,2.93,2.75,2.81,2.41,2.40,2.84,2.98,2.78,2.65
4.41,3.61,2.76,2.46,2.70,3.09,3.20,2.53,2.80,2.46,2.93,3.24,2.93,2.48,2.59,2.93,3.19,3.06,2.93,2.61,2.52,2.55,2.84,3.28,3.00,2.62,2.22,2.75,3.15,3.28,2.86,2.77,2.54,2.78,2.84,3.10,2.95,2.86,2.41,2.61,2.91,3.23,2.88,2.80,2.36,2.46,2.90,3.22,3.02,2.64,2.58,2.60,2.71,3.15,3.09,2.93,2.54,2.75,3.24,4.21
4.68,3.81,3.03,2.52,2.56,2.74,2.94,2.95,2.46,2.34,2.40,2.98,2.90,2.64,2.32,2.43,2.67,2.55,2.92,3.00,2.40,2.41,2.54,2.63,2.89,2.81,2.29,2.38,2.45,2.63,2.99,2.84,2.31,2.39,2.74,2.98,2.97,2.63,2.47,2.57,2.56,2.73,3.00,2.83,2.53,2.99,2.95,2.62,2.99,3.07,2.32,2.43,2.62,2.76,3.01,2.77,2.35,2.39,2.89,3.97
6.28,4.40,3.00,2.36,2.79,3.03,3.54,3.08,2.63,3.04,2.66,3.02,3.48,3.48,3.00,2.89,2.82,3.10,3.49,3.52,3.35,2.67,3.07,3.00,3.52,2.78,3.27,2.69,2.61,3.36,3.35,3.38,3.10,2.65,2.90,3.03,3.42,3.43,3.00,2.90,2.72,3.10,3.56,3.13,3.14,3.02,2.73,3.01,3.53,3.49,3.12,2.90,2.85,2.96,3.51,3.46,2.85,2.96,3.30,4.13
3.25,3.47,3.69,3.27,2.64,2.49,2.75,2.70,3.32,3.20,3.28,2.54,2.41,2.72,3.21,3.23,2.70,2.76,2.61,2.55,3.12,3.13,2.68,2.56,2.67,2.85,3.16,3.06,2.61,2.44,2.61,2.95,3.26,3.05,2.49,2.42,2.72,2.79,3.24,2.93,2.62,2.32,2.43,2.90,3.35,3.09,2.66,2.58,2.43,2.67,3.35,3.02,2.60,2.57,2.71,2.69,3.23,3.10,2.89,3.35
3.07,3.01,2.61,2.74,3.16,2.97,3.14,3.14,2.78,2.53,3.24,3.00,2.41,2.57,2.58,2.86,3.22,3.02,2.53,2.62,2.77,2.76,3.23,3.16,2.77,2.41,2.55,2.91,3.28,3.21,2.42,2.52,2.60,2.80,3.19,3.00,2.65,2.29,2.61,2.90,3.35,3.14,2.69,2.41,2.70,2.89,3.31,3.15,2.63,2.22,2.70,2.89,3.20,3.17,2.63,2.52,2.58,3.23,3.84,4.14
3.69,2.87,4.04,3.12,2.40,2.49,2.62,2.52,3.01,2.86,2.65,2.57,2.53,2.50,3.05,3.00,2.50,2.49,2.86,2.98,2.87,2.76,2.33,2.36,2.49,2.55,2.90,2.87,2.33,2.36,2.55,2.73,3.09,2.91,2.63,2.25,2.58,2.44,3.05,2.93,2.64,2.30,2.48,2.51,3.03,2.98,2.59,2.54,2.57,2.44,3.06,2.86,2.37,2.42,2.40,2.30,3.03,3.07,3.25,3.01
4.88,4.18,2.76,1.45,1.51,1.52,1.58,1.61,1.49,1.44,1.51,1.47,1.58,1.66,1.44,1.42,1.42,1.69,1.62,1.59,1.56,1.42,1.57,1.48,1.63,1.63,1.48,1.60,1.43,1.49,1.57,1.65,1.45,1.49,1.45,1.54,1.67,1.60,1.50,1.40,1.48,1.49,1.65,1.65,1.45,1.46,1.41,1.49,1.64,1.69,1.42,1.44,1.74,1.57,1.50,1.64,1.48,1.44,1.54,2.05
3.57,2.51,2.64,2.67,3.20,2.85,2.79,2.12,2.61,2.71,3.16,3.05,2.71,2.29,2.32,2.91,3.23,2.95,2.56,2.23,2.49,2.68,3.10,2.87,2.83,2.32,2.43,2.83,3.14,2.89,2.52,2.45,2.41,2.50,3.08,3.04,2.46,2.28,2.53,2.63,3.08,2.81,2.67,2.42,2.35,3.01,2.98,2.94,2.63,2.48,2.34,2.58,3.13,2.86,2.74,2.37,2.54,2.93,4.30,4.73
2.00,1.92,1.66,1.42,1.25,1.41,1.47,1.50,1.53,1.49,1.39,1.38,1.41,1.50,1.52,1.35,1.28,1.39,1.44,1.51,1.50,1.47,1.38,1.43,1.47,1.56,1.48,1.43,1.39,1.41,1.52,1.50,1.51,1.56,1.31,1.42,1.39,1.50,1.54,1.45,1.36,1.35,1.53,1.49,1.54,1.53,1.42,1.43,1.43,1.49,1.43,1.46,1.22,1.40,1.48,1.54,1.56,1.67,1.82,2.40
1.57,1.74,1.56,1.59,1.49,1.45,1.52,1.61,1.45,1.58,1.51,1.42,1.33,1.30,1.50,1.55,1.54,1.37,1.39,1.57,1.46,1.52,1.52,1.36,1.44,1.45,1.49,1.49,1.50,1.41,1.37,1.30,1.44,1.56,1.56,1.46,1.33,1.51,1.39,1.53,1.57,1.36,1.39,1.38,1.52,1.54,1.47,1.38,1.41,1.30,1.47,1.48,1.51,1.38,1.34,1.33,1.46,1.63,2.05,2.75
10.0,9.91,8.18,2.93,2.03,2.12,1.68,1.47,1.56,1.58,1.72,1.81,1.74,1.81,1.46,1.71,1.62,1.88,1.70,1.61,1.58,1.57,1.74,1.88,1.76,1.56,1.52,1.64,1.65,1.72,1.51,1.63,1.50,1.61,1.73,1.84,1.78,1.55,1.86,1.81,1.46,1.88,1.59,1.76,1.83,1.81,1.66,1.75,1.64,1.49,1.65,1.58,1.76,1.89,1.64,1.60,1.72,1.88,1.55,1.83
4.01,2.88,3.53,2.91,2.77,2.97,2.83,3.07,2.35,2.68,3.00,2.79,2.59,2.26,2.41,2.75,3.01,2.45,2.55,2.35,2.23,2.76,2.91,2.78,2.61,2.43,2.35,2.52,3.07,2.70,2.54,2.33,2.32,2.64,3.01,2.38,2.75,2.44,2.29,2.71,3.09,2.84,2.49,2.50,2.20,2.66,3.10,2.86,2.59,2.31,2.48,2.76,3.00,2.62,2.52,2.87,2.94,2.66,3.73,4.53
2.72,3.51,3.31,2.94,2.59,2.31,2.37,2.44,2.85,2.62,2.78,2.42,2.36,2.55,2.95,2.78,2.50,2.47,2.40,2.71,3.01,2.99,2.74,2.32,2.54,3.10,2.83,2.18,2.73,2.49,2.48,2.61,3.04,2.81,2.78,2.58,2.47,2.60,2.87,2.71,2.78,2.42,2.61,2.65,2.73,2.49,2.83,2.25,2.23,2.75,2.79,2.97,2.56,2.34,2.52,2.60,2.98,3.11,3.24,3.27
3.84,3.87,3.11,2.50,2.27,2.66,2.85,2.81,2.68,2.73,2.39,2.44,2.68,2.81,2.87,2.41,2.45,2.80,2.62,3.02,2.64,2.58,2.41,2.53,2.72,3.09,2.85,2.66,2.88,3.02,2.40,2.74,2.74,2.68,2.45,2.55,2.88,2.76,2.66,2.60,2.38,2.48,2.78,2.98,2.61,2.45,2.49,2.65,2.73,2.87,2.66,2.52,2.39,2.53,2.76,2.87,2.93,2.75,2.81,3.98
2.02,1.69,1.66,1.52,1.42,1.53,1.53,1.43,1.55,1.44,1.41,1.29,1.49,1.40,1.58,1.54,1.44,1.29,1.46,1.51,1.50,1.49,1.38,1.50,1.52,1.34,1.51,1.55,1.40,1.29,1.39,1.45,1.62,1.46,1.41,1.34,1.43,1.52,1.48,1.52,1.41,1.35,1.45,1.51,1.55,1.42,1.44,1.32,1.38,1.49,1.61,1.53,1.40,1.38,1.40,1.45,1.55,1.52,1.96,1.94
2.64,3.32,3.38,2.85,2.63,2.55,2.47,2.64,3.13,3.12,2.69,2.56,2.53,2.65,3.28,2.98,2.57,2.65,2.44,2.86,3.01,3.02,2.82,2.62,2.58,2.76,3.15,2.99,2.82,2.48,2.59,2.60,3.02,2.88,2.74,2.68,2.36,2.70,2.96,2.96,2.83,2.59,2.52,2.78,3.19,2.88,2.64,2.60,2.56,2.77,3.13,3.04,2.81,2.62,2.29,2.80,3.07,3.11,3.70,3.38
5.43,3.35,2.45,2.23,2.63,2.88,3.11,2.82,2.70,2.43,2.55,2.96,3.11,2.96,2.45,2.43,2.67,2.74,3.10,2.79,2.84,3.28,3.24,2.41,3.30,2.89,2.37,2.49,2.59,2.86,3.21,2.90,2.64,2.44,2.65,2.96,3.22,2.50,2.65,2.51,2.71,2.91,3.09,3.06,2.74,2.72,2.63,2.74,3.21,2.72,2.53,2.41,2.71,2.91,3.22,2.68,2.62,2.39,3.29,4.02
3.83,4.02,3.02,2.49,2.31,2.65,2.92,2.96,2.86,2.50,2.13,2.46,2.90,3.05,2.64,2.37,2.70,3.01,2.99,2.79,2.50,2.59,2.32,2.95,3.15,3.01,2.69,2.35,2.02,2.56,2.90,3.07,2.70,2.49,2.44,2.59,2.87,3.12,2.68,2.44,2.41,2.82,3.10,2.82,2.61,2.35,2.25,2.80,2.82,3.02,2.56,2.45,2.40,2.65,2.91,3.09,2.79,2.71,2.70,4.36
3.94,1.32,1.50,1.31,1.53,1.51,1.42,1.38,1.37,1.41,1.39,1.58,1.49,1.33,1.32,1.44,1.45,1.51,1.52,1.26,1.37,1.45,1.46,1.57,1.49,1.43,1.29,1.43,1.51,1.52,1.57,1.43,1.38,1.40,1.55,1.55,1.49,1.32,1.34,1.35,1.45,1.61,1.46,1.38,1.39,1.40,1.45,1.54,1.54,1.29,1.41,1.40,1.56,1.58,1.48,1.31,1.25,1.66,2.01,2.53
4.26,3.30,2.39,2.71,2.62,3.13,2.38,2.62,3.06,2.46,2.27,3.00,2.92,2.54,2.40,2.62,2.68,3.12,2.79,2.34,2.50,2.58,2.68,2.98,2.86,2.58,2.36,2.30,2.81,2.99,2.84,2.76,3.02,2.77,2.48,2.99,2.76,2.51,2.31,2.87,2.76,2.92,2.80,2.45,2.36,2.26,2.66,3.08,3.00,2.48,2.39,2.49,2.73,3.00,2.85,2.39,2.17,2.58,3.84,4.99
2.59,1.63,1.54,1.55,1.64,1.53,1.46,1.37,1.43,1.58,1.55,1.62,1.34,1.46,1.49,1.59,1.59,1.55,1.44,1.34,1.51,1.54,1.63,1.68,1.42,1.58,1.58,1.65,1.55,1.55,1.49,1.45,1.50,1.56,1.64,1.64,1.59,1.43,1.54,1.51,1.58,1.64,1.43,1.41,1.49,1.64,1.65,1.58,1.48,1.33,1.55,1.56,1.59,1.61,1.40,1.46,1.55,1.72,2.03,2.10
10.0,9.09,3.73,4.34,3.83,3.05,2.51,2.60,2.73,2.94,2.83,2.70,2.22,2.49,2.49,3.03,2.81,2.92,2.47,2.36,2.49,2.85,3.00,2.66,2.51,2.34,2.66,2.84,2.83,2.68,2.34,2.27,2.57,2.93,2.73,2.83,2.46,2.08,2.46,3.00,2.86,2.75,2.70,2.48,2.59,2.93,2.87,2.78,2.54,2.41,2.65,2.94,2.82,2.62,2.40,2.46,2.32,3.10,2.97,2.75
2.98,2.71,2.69,2.80,2.79,2.62,2.26,2.51,2.93,3.01,2.67,2.86,2.74,2.42,2.76,2.77,2.96,2.98,2.36,2.27,2.79,2.96,3.00,2.69,2.26,2.44,2.77,2.88,2.59,2.77,2.55,2.81,2.97,2.58,2.82,2.54,2.34,2.66,2.72,3.03,2.98,2.58,2.40,2.45,2.43,2.96,2.81,2.87,2.54,2.42,2.72,2.56,2.73,2.44,2.38,2.45,2.26,3.14,3.93,4.42
5.07,3.75,2.77,2.76,3.10,3.79,3.52,2.97,2.86,2.85,3.24,3.88,3.27,2.72,2.84,2.72,2.95,3.63,3.48,3.28,2.55,2.71,3.15,3.65,3.51,2.99,2.78,2.75,2.99,3.74,2.98,2.99,2.73,2.83,3.10,3.69,3.53,3.09,2.60,2.76,3.11,3.73,3.44,2.76,2.71,2.86,2.97,3.63,2.98,2.62,3.06,2.57,3.19,3.72,3.33,2.97,2.62,3.04,4.17,5.12
3.81,4.35,2.78,2.15,2.64,2.96,2.78,3.14,3.12,2.73,2.24,2.95,2.92,2.98,2.85,2.77,2.65,2.81,2.66,3.01,2.91,2.48,2.47,2.95,2.76,3.20,2.89,2.49,2.46,2.71,3.01,3.19,2.86,2.83,2.29,2.84,2.80,3.09,3.12,2.31,3.18,3.09,2.75,3.16,2.83,2.62,2.70,2.51,2.72,3.07,3.03,2.80,2.51,2.92,2.85,3.05,2.76,2.70,3.22,4.08
3.98,3.39,2.45,2.19,2.68,3.02,2.74,2.56,2.27,2.43,2.61,2.99,2.77,2.56,2.52,2.35,2.59,3.07,2.92,2.56,2.22,2.30,2.38,3.10,2.73,2.61,3.02,2.46,3.05,2.98,2.44,2.78,2.79,2.92,2.53,2.86,2.79,2.55,2.32,2.54,2.93,2.94,2.86,2.51,2.08,2.51,3.09,2.94,2.71,2.58,2.56,3.05,2.31,2.93,2.78,2.60,2.38,2.51,3.52,5.55
3.91,3.12,2.83,3.31,3.69,3.22,2.85,2.98,2.92,3.35,3.46,3.47,2.71,3.17,3.54,3.47,2.57,3.21,2.97,2.96,2.62,3.37,3.43,3.29,2.93,2.89,2.63,3.47,3.68,3.28,2.81,2.56,2.95,3.45,3.06,3.38,2.89,2.96,3.76,3.35,3.33,3.49,2.84,2.70,3.00,3.40,3.54,3.15,2.93,2.90,2.77,3.26,2.97,3.12,2.99,2.65,3.00,3.59,4.55,5.11
1.40,2.05,1.69,1.77,1.67,1.60,1.38,1.67,1.72,1.83,1.79,1.47,1.65,1.65,1.78,1.80,1.65,1.66,1.45,1.74,1.63,1.83,1.83,1.53,1.60,1.64,1.84,1.81,1.73,1.70,1.34,1.77,1.61,1.84,1.77,1.55,1.54,1.56,1.66,1.83,1.84,1.53,1.42,1.64,1.68,1.84,1.65,1.69,1.48,1.71,1.66,1.82,1.76,1.53,1.58,1.65,2.17,3.78,4.40,3.44
1.74,1.69,1.65,1.54,1.45,1.52,1.54,1.56,1.57,1.59,1.50,1.47,1.55,1.45,1.66,1.63,1.54,1.39,1.43,1.44,1.47,1.64,1.51,1.44,1.53,1.42,1.59,1.59,1.45,1.42,1.50,1.45,1.57,1.56,1.45,1.49,1.51,1.45,1.56,1.54,1.53,1.41,1.56,1.43,1.69,1.64,1.51,1.44,1.44,1.65,1.63,1.61,1.44,1.44,1.53,1.36,2.16,3.67,3.32,3.59
3.78,3.06,2.13,2.35,2.62,2.98,2.82,2.64,2.55,2.42,2.42,2.98,2.80,2.75,2.37,2.47,2.50,3.12,2.77,2.63,2.34,2.86,2.90,2.95,2.78,3.06,2.96,2.41,2.32,2.97,2.86,2.71,2.29,2.29,2.62,3.12,2.91,2.40,2.35,2.41,2.58,3.03,2.70,2.60,2.26,2.22,2.38,2.97,2.81,2.69,2.38,2.50,2.74,3.06,2.84,2.73,2.33,2.91,4.17,4.98
5.02,4.44,3.35,3.19,2.66,2.69,3.50,3.74,3.02,2.89,2.68,2.89,2.85,3.61,3.25,2.86,2.73,2.88,2.82,3.68,3.40,3.20,2.61,2.79,2.88,3.70,2.98,2.97,2.66,2.97,3.05,3.68,3.43,3.10,3.10,3.35,2.80,3.66,3.25,3.03,2.69,2.78,3.38,3.56,3.51,3.16,2.76,3.02,2.98,3.57,3.22,3.18,2.55,2.74,3.34,3.71,3.12,3.37,3.62,3.98
3.96,3.58,3.27,1.52,1.64,1.65,1.77,1.86,1.71,1.68,1.41,1.72,1.64,1.83,1.71,1.55,1.58,1.63,1.76,1.53,1.79,1.66,1.68,1.81,1.57,1.81,1.74,1.51,1.52,1.57,1.67,1.79,1.76,1.54,1.60,1.69,1.63,1.76,1.73,1.57,1.47,1.67,1.63,1.76,1.81,1.59,1.73,1.69,1.62,1.84,1.67,1.64,1.46,1.75,1.70,1.63,1.70,1.71,1.83,2.31
10.0,9.91,8.19,5.53,4.04,3.33,3.18,2.79,2.62,3.28,3.41,3.52,3.17,2.48,2.51,3.17,3.46,3.57,3.34,2.52,2.46,2.87,3.32,2.83,3.60,2.74,3.03,3.03,3.42,3.57,3.18,2.68,2.72,3.41,3.40,3.68,3.50,2.45,2.59,3.31,3.34,3.06,3.25,3.12,2.69,3.03,3.28,3.56,3.40,2.78,2.98,3.03,3.43,3.66,3.39,2.66,3.01,3.11,3.27,3.26
4.41,4.25,2.89,2.56,2.56,3.14,3.33,3.75,2.81,2.74,2.67,3.11,3.48,3.54,2.83,3.02,2.66,3.18,3.29,3.62,3.02,2.84,2.73,2.82,3.29,3.61,2.66,2.55,2.46,3.15,3.42,3.61,3.22,3.01,2.55,3.38,3.36,3.56,3.14,2.76,2.70,2.91,3.40,3.86,2.57,3.05,2.40,2.94,3.51,3.51,3.11,2.78,2.60,3.06,3.41,3.70,3.35,2.92,3.30,5.03
3.38,3.51,2.72,3.03,2.87,2.60,2.68,2.77,3.01,3.05,2.98,2.39,2.54,3.00,2.88,2.96,2.77,2.40,2.51,2.70,3.03,3.09,2.94,2.59,2.61,3.08,2.86,2.98,2.54,2.79,2.53,2.78,3.03,3.11,2.65,2.43,2.78,2.77,2.94,3.12,2.78,2.75,2.65,2.75,3.10,3.17,2.96,2.34,2.63,2.61,3.12,3.21,3.24,2.76,2.48,2.66,2.99,3.56,3.60,3.56
3.53,2.60,2.54,2.69,2.80,2.78,2.52,2.55,2.62,3.07,2.70,2.56,2.67,2.20,2.65,2.62,2.86,2.96,2.42,2.36,2.53,2.68,2.81,2.73,2.57,2.28,2.53,2.34,2.96,2.79,2.60,2.39,2.54,2.57,2.81,2.76,2.40,2.26,2.55,2.71,2.90,2.87,2.51,2.52,2.58,2.28,2.70,2.89,2.69,2.31,2.51,2.52,2.78,2.89,2.39,2.58,2.50,2.67,3.77,5.37
3.22,2.75,2.27,2.80,2.86,2.81,2.45,2.25,2.58,2.87,2.93,2.63,2.41,2.44,2.60,2.99,2.86,2.74,2.26,2.52,2.71,3.08,2.89,2.68,2.50,2.31,2.54,3.07,2.82,2.69,2.34,2.52,2.39,3.00,2.91,2.52,2.35,2.40,2.62,3.06,2.95,2.76,2.34,2.49,2.55,3.02,2.90,2.66,2.39,2.36,2.55,2.93,2.91,2.72,2.14,2.39,2.53,3.46,4.10,4.66
3.86,3.44,3.25,2.41,2.21,2.17,2.60,2.94,2.78,2.83,2.26,2.11,2.57,2.69,3.01,2.67,2.55,2.33,2.56,2.89,2.86,2.46,2.20,2.39,2.86,2.78,2.92,2.76,2.35,2.37,2.73,2.96,2.92,2.70,2.24,2.22,2.63,2.82,2.87,2.73,2.42,2.56,2.53,2.86,2.81,2.73,2.37,2.37,2.60,2.88,2.85,2.64,2.31,2.27,2.69,2.88,2.96,2.76,2.98,4.67
3.77,2.96,2.63,2.79,2.88,3.02,2.75,2.44,2.70,3.06,3.09,3.06,2.68,2.68,2.68,2.91,2.92,2.96,2.79,3.32,3.00,2.40,2.82,2.94,2.78,3.14,3.00,2.48,3.31,3.12,2.58,2.44,2.80,2.84,2.95,2.96,2.44,2.56,2.71,2.72,2.58,3.04,2.55,2.42,2.89,3.20,3.19,3.34,2.71,2.55,2.76,2.96,3.02,3.10,2.60,2.36,2.89,3.18,3.75,4.87
4.13,3.96,2.83,2.50,2.39,2.85,3.02,2.75,2.98,2.56,2.41,2.65,3.00,2.96,2.96,2.87,2.71,2.77,2.87,2.97,3.00,2.52,2.94,2.64,2.97,2.36,2.49,2.46,2.46,3.05,3.10,3.14,2.73,2.39,2.32,2.91,2.94,3.06,2.71,2.48,2.43,2.85,2.77,2.59,2.95,2.72,2.74,2.84,2.89,3.25,2.79,2.64,2.58,3.00,3.03,3.17,2.79,3.00,4.41,3.88
3.83,1.60,1.60,1.45,1.66,1.85,1.85,1.74,1.50,1.51,1.62,1.80,1.83,1.72,1.65,1.43,1.71,1.90,1.76,1.47,1.45,1.64,1.60,1.83,1.77,1.66,1.44,1.48,1.67,1.81,1.89,1.65,1.55,1.53,1.57,1.81,1.80,1.65,1.43,1.82,1.71,1.74,1.84,1.69,1.70,1.48,1.76,1.73,1.69,1.78,1.43,1.53,1.60,1.82,1.71,1.54,1.55,1.61,2.63,2.85
3.75,2.69,1.31,1.50,1.45,1.50,1.50,1.37,1.35,1.41,1.52,1.51,1.52,1.34,1.41,1.44,1.50,1.54,1.39,1.41,1.22,1.38,1.47,1.43,1.47,1.40,1.25,1.41,1.45,1.47,1.53,1.41,1.54,1.46,1.41,1.53,1.44,1.39,1.31,1.44,1.37,1.41,1.46,1.36,1.32,1.45,1.45,1.51,1.43,1.41,1.27,1.38,1.48,1.49,1.51,1.33,1.42,1.52,2.23,2.93
3.89,2.90,2.85,2.57,2.35,2.76,2.96,3.02,2.90,2.80,3.31,2.75,2.97,2.91,2.85,2.84,2.49,2.87,2.80,2.68,2.85,2.54,2.69,2.92,3.00,2.87,2.79,2.54,2.58,2.80,2.94,3.06,2.87,2.57,2.62,2.63,2.86,2.90,3.06,2.45,2.42,2.80,2.90,2.95,2.95,2.68,2.52,2.94,2.85,2.96,2.85,3.10,3.22,2.98,2.71,2.70,3.13,2.73,3.46,4.48
10.0,9.86,7.97,5.52,4.48,3.77,2.91,2.76,2.82,3.27,3.55,3.66,2.97,2.64,2.69,3.00,3.44,3.65,3.42,2.75,2.72,2.95,3.58,3.35,2.88,2.89,2.95,3.35,3.47,3.42,3.49,2.59,2.78,3.12,3.30,3.39,3.25,2.52,3.09,3.47,3.48,3.30,2.59,2.64,2.85,3.06,3.37,3.43,3.12,2.70,2.96,3.19,3.48,3.34,2.83,2.80,2.89,2.62,3.59,3.45
2.88,3.48,3.35,3.59,3.06,2.77,2.81,3.02,3.36,3.11,2.97,2.58,2.78,3.04,3.49,3.17,3.06,2.80,2.78,3.32,3.37,3.22,3.14,2.89,2.92,3.14,3.50,3.12,3.15,2.67,2.89,3.09,3.41,3.27,3.29,2.64,2.80,3.08,3.32,3.31,3.19,2.61,2.70,3.15,3.40,3.29,3.02,2.46,2.93,3.57,3.38,3.13,3.73,3.15,2.64,2.87,3.55,3.85,4.02,3.52
3.54,2.61,1.32,1.51,1.50,1.47,1.44,1.36,1.42,1.43,1.51,1.46,1.50,1.38,1.44,1.38,1.51,1.55,1.45,1.40,1.28,1.40,1.56,1.49,1.45,1.30,1.41,1.39,1.49,1.45,1.37,1.39,1.35,1.30,1.53,1.50,1.46,1.37,1.29,1.43,1.54,1.48,1.58,1.28,1.37,1.43,1.54,1.49,1.53,1.44,1.26,1.36,1.51,1.49,1.41,1.38,1.59,2.17,2.56,2.47
3.51,3.49,3.02,2.44,2.37,2.68,2.79,3.08,2.81,2.45,2.66,2.44,2.87,3.11,2.90,2.31,2.18,2.48,2.85,3.15,2.68,2.40,2.37,2.47,2.79,2.94,2.80,2.40,2.55,2.28,2.59,3.03,2.83,2.63,2.30,2.78,2.84,3.22,2.82,2.60,2.47,2.60,2.73,3.09,2.75,2.57,2.37,2.38,2.98,3.05,2.54,2.51,2.59,2.56,2.73,3.13,2.88,2.85,3.66,4.99
3.30,2.40,2.48,2.96,3.06,2.56,2.50,2.52,2.67,2.84,2.82,2.37,2.46,2.44,2.54,3.03,3.04,2.75,2.60,2.35,2.63,2.58,3.13,2.61,2.53,2.45,2.54,2.71,2.77,2.56,2.69,2.40,2.62,2.86,3.14,2.64,2.31,2.55,2.64,2.95,3.14,2.79,2.51,2.41,2.72,3.01,3.01,2.41,2.39,2.43,2.55,2.85,3.04,2.58,2.52,2.54,2.33,3.64,4.58,4.77
4.43,3.27,2.62,2.27,2.67,2.94,3.15,2.95,2.65,2.47,2.71,2.84,3.10,2.88,2.65,2.34,3.06,2.94,3.31,2.95,2.48,2.61,2.81,2.99,3.31,2.90,2.69,2.53,2.59,2.90,3.21,2.41,2.63,2.54,2.24,3.03,3.21,3.01,2.50,2.55,2.72,2.90,3.19,3.07,2.40,2.45,2.83,2.81,3.23,2.74,2.52,2.67,2.78,2.82,3.19,2.78,2.65,2.58,3.61,4.54
3.93,3.80,2.34,2.58,2.37,2.75,2.93,3.24,2.90,2.73,2.54,2.62,2.94,3.29,2.92,2.79,2.55,2.48,2.97,3.18,2.56,2.37,2.40,2.92,3.09,3.24,2.54,2.53,2.71,2.71,2.84,3.25,2.89,2.47,2.41,2.79,2.79,3.20,2.29,2.64,2.63,2.76,2.78,3.20,2.98,2.79,2.64,2.85,2.84,3.08,2.90,2.46,2.56,2.85,2.95,3.10,2.65,2.85,3.15,4.46
3.49,2.60,2.44,2.85,2.55,2.67,2.31,2.77,2.92,2.92,3.05,2.71,2.42,2.33,2.75,2.99,3.01,2.71,2.32,2.33,2.74,2.81,2.52,2.79,2.45,2.59,2.45,2.92,2.89,2.60,2.68,3.13,2.75,2.91,2.92,2.64,2.39,2.48,2.82,3.02,2.73,2.88,2.99,2.45,2.50,2.94,2.84,2.84,2.45,2.35,2.55,2.83,2.82,2.86,2.55,2.41,2.62,3.64,3.72,5.74
2.62,3.16,3.05,3.17,2.59,2.54,2.40,2.96,3.03,3.18,2.86,2.51,2.20,2.53,2.73,3.18,3.11,2.49,2.41,2.67,2.48,3.20,3.29,3.10,2.45,2.75,2.77,3.10,2.73,2.53,2.47,2.99,2.89,3.05,3.06,2.43,2.45,2.83,2.37,3.15,3.05,2.63,2.52,2.80,3.05,3.10,2.80,2.60,2.40,2.67,3.03,3.07,2.94,2.59,2.47,2.64,2.39,3.61,3.79,3.71
4.14,3.46,2.99,2.45,2.65,2.81,3.10,3.22,2.40,2.27,2.70,2.88,3.10,3.02,2.49,2.54,2.60,2.75,3.28,3.26,2.55,2.45,2.93,2.90,3.28,3.16,2.41,2.37,2.95,2.79,3.24,3.08,2.56,2.62,2.59,2.76,3.30,2.93,2.56,2.47,2.60,2.88,3.06,3.22,2.27,2.67,2.59,3.14,3.07,2.99,2.46,2.59,2.88,2.61,3.10,3.25,2.47,2.76,3.82,4.66
4.02,3.19,2.78,2.58,2.37,2.78,2.99,3.18,3.19,2.58,2.57,2.97,2.68,2.89,2.77,2.48,2.71,2.67,3.00,3.14,3.02,2.41,2.48,2.83,3.07,3.15,2.66,2.25,2.52,2.85,2.83,2.76,2.91,2.80,2.51,3.06,3.24,2.95,2.89,2.57,2.45,2.85,2.97,3.15,2.79,2.73,2.58,2.75,2.67,2.80,2.74,2.70,2.50,2.80,3.07,3.22,2.91,2.97,3.51,4.19
10.0,9.90,8.25,4.98,3.23,3.46,2.32,1.77,1.80,1.79,1.51,1.67,1.50,1.85,1.82,1.67,1.51,1.49,1.73,1.54,1.84,1.59,1.64,1.51,1.58,1.77,1.77,1.60,1.53,1.66,1.77,1.78,1.81,1.63,1.58,1.46,1.60,1.63,1.81,1.93,1.51,1.56,1.58,1.85,1.80,1.67,1.54,1.48,1.72,1.72,1.74,1.64,1.58,1.58,1.56,1.64,1.78,1.67,1.51,1.55
5.10,3.68,2.72,2.80,3.07,2.65,3.60,3.45,2.86,2.52,2.87,2.91,3.65,3.37,2.82,2.71,2.84,2.98,3.74,3.54,2.72,2.67,3.02,2.65,3.60,3.46,2.84,2.78,2.68,3.10,3.67,3.45,2.82,2.55,2.63,2.83,3.50,3.51,2.78,2.76,2.98,2.52,3.69,3.37,3.20,3.11,3.71,3.23,3.13,3.44,3.04,2.65,3.21,2.94,3.65,3.54,3.01,3.22,4.25,3.70
2.95,2.39,2.86,2.90,2.90,3.05,2.38,2.36,2.84,3.01,2.67,2.65,2.43,2.39,3.07,2.90,2.68,2.61,2.49,2.33,2.83,3.05,2.70,2.36,2.21,2.66,2.90,2.89,2.50,2.66,2.68,2.50,3.00,3.05,2.63,2.55,2.52,2.10,2.93,2.77,2.70,2.32,2.43,2.28,2.70,2.86,2.56,2.57,2.38,2.89,2.86,2.74,2.76,2.40,2.36,2.28,3.14,3.78,4.17,4.35
2.54,1.60,1.54,1.60,1.53,1.84,1.87,1.66,1.56,1.47,1.73,1.68,1.76,1.68,1.50,1.64,1.62,1.79,1.82,1.61,1.62,1.57,1.75,1.70,1.83,1.66,1.58,1.67,1.62,1.78,1.81,1.65,1.44,1.66,1.67,1.71,1.87,1.48,1.51,1.59,1.60,1.80,1.77,1.63,1.40,1.61,1.67,1.83,1.78,1.68,1.53,1.61,1.78,1.85,1.73,1.55,2.22,3.13,4.38,5.62
1.64,1.67,1.47,1.46,1.35,1.45,1.49,1.61,1.50,1.38,1.42,1.40,1.46,1.59,1.51,1.41,1.36,1.40,1.41,1.52,1.40,1.52,1.33,1.40,1.43,1.53,1.56,1.41,1.59,1.51,1.34,1.56,1.45,1.50,1.54,1.52,1.39,1.41,1.47,1.41,1.41,1.33,1.53,1.54,1.50,1.42,1.34,1.42,1.40,1.61,1.46,1.41,1.32,1.38,1.48,1.60,1.71,1.97,3.97,4.82
2.07,1.17,1.18,1.10,1.17,1.12,1.21,1.25,1.19,1.15,1.15,1.21,1.22,1.23,1.17,1.14,1.17,1.13,1.28,1.09,1.16,1.18,1.14,1.14,1.29,1.24,1.22,1.11,1.13,1.28,1.17,1.17,1.21,1.13,1.13,1.12,1.26,1.20,1.16,1.21,1.16,1.22,1.20,1.17,1.23,1.15,1.07,1.25,1.22,1.22,1.23,1.12,1.04,1.23,1.21,1.20,1.22,1.27,1.88,2.14
2.13,1.67,1.29,1.42,1.42,1.66,1.63,1.55,1.50,1.34,1.56,1.58,1.70,1.55,1.42,1.52,1.44,1.69,1.66,1.55,1.39,1.45,1.48,1.66,1.67,1.57,1.47,1.25,1.62,1.61,1.65,1.59,1.62,1.56,1.37,1.67,1.64,1.54,1.49,1.63,1.61,1.41,1.63,1.49,1.45,1.38,1.49,1.59,1.66,1.57,1.36,1.46,1.54,1.55,1.77,1.53,1.49,1.65,2.16,5.39
1.66,1.63,1.53,1.43,1.35,1.45,1.41,1.46,1.60,1.53,1.42,1.30,1.48,1.49,1.54,1.49,1.42,1.36,1.59,1.58,1.46,1.61,1.38,1.34,1.49,1.51,1.45,1.46,1.47,1.35,1.42,1.47,1.53,1.49,1.37,1.38,1.40,1.39,1.56,1.45,1.42,1.24,1.43,1.48,1.57,1.53,1.40,1.47,1.50,1.53,1.49,1.54,1.44,1.30,1.42,1.50,1.63,1.90,2.11,4.03
3.33,3.11,2.95,2.69,2.41,2.62,2.70,2.79,2.91,2.58,2.44,2.33,2.39,2.90,2.88,2.78,2.67,2.46,2.51,2.88,2.77,2.77,2.39,2.41,2.74,2.68,2.94,2.37,2.46,2.38,2.73,2.83,2.93,2.88,2.38,2.43,2.64,2.75,2.86,2.91,2.61,2.38,2.69,2.61,2.95,2.43,2.34,2.54,2.74,2.83,2.84,2.59,2.40,2.55,2.56,2.83,3.19,3.30,3.49,4.76
1.76,1.50,1.30,1.46,1.45,1.57,1.36,1.41,1.40,1.51,1.58,1.57,1.43,1.44,1.36,1.40,1.51,1.63,1.42,1.39,1.30,1.45,1.46,1.57,1.32,1.39,1.40,1.41,1.41,1.63,1.47,1.38,1.38,1.40,1.45,1.55,1.43,1.45,1.35,1.45,1.55,1.49,1.37,1.41,1.48,1.39,1.57,1.56,1.42,1.56,1.48,1.36,1.43,1.59,1.42,1.39,1.47,4.08,3.88,6.92
2.86,2.43,2.12,2.77,2.95,2.72,2.45,2.48,2.34,2.73,2.89,2.78,2.29,2.49,2.46,2.82,3.06,2.81,2.47,2.21,2.46,2.90,3.01,2.80,2.39,2.26,2.24,2.93,2.87,2.76,2.48,2.62,2.49,2.74,3.11,2.80,2.40,2.47,2.41,2.73,3.01,2.79,2.46,2.27,2.20,2.85,3.00,2.81,2.47,2.60,2.23,2.70,2.99,2.75,2.58,2.36,2.46,3.49,5.14,6.19
10.0,9.91,7.10,4.31,3.72,3.61,2.90,2.67,2.48,2.56,3.05,3.30,2.96,2.49,2.64,2.65,2.77,2.97,2.79,2.62,2.52,2.74,2.73,3.22,2.88,2.71,2.65,2.40,2.94,3.21,2.76,2.60,2.57,2.53,2.69,2.89,2.95,2.73,2.39,2.72,3.04,3.25,2.82,2.84,2.57,2.59,2.69,3.47,3.02,2.43,2.52,2.95,2.82,3.02,2.90,2.72,2.45,2.75,3.01,3.35
3.74,2.89,2.95,3.28,3.40,3.47,3.23,2.75,3.11,2.90,3.68,3.43,3.23,2.76,2.85,3.03,3.11,3.31,3.11,2.85,2.80,2.96,3.48,3.30,3.14,2.64,2.81,2.93,3.42,3.36,3.37,2.80,2.65,3.13,3.06,3.36,2.90,2.82,2.45,2.99,3.58,3.37,3.21,2.70,2.72,2.88,3.42,3.50,3.25,2.52,3.05,3.52,3.16,2.90,3.23,2.75,2.83,3.42,5.25,5.82
2.10,2.03,1.49,1.63,1.40,1.66,1.60,1.80,1.75,1.52,1.70,1.62,1.78,1.99,1.77,1.56,1.49,1.60,1.63,1.89,1.57,1.69,1.54,1.55,1.77,1.75,1.65,1.45,1.66,1.62,1.74,1.85,1.69,1.67,1.50,1.67,1.68,1.75,1.63,1.52,1.63,1.62,1.80,1.87,1.64,1.72,1.78,1.86,1.54,1.84,1.76,1.53,1.53,1.61,1.68,1.78,2.04,3.26,4.15,4.66
2.12,1.88,1.58,1.60,1.57,1.62,1.74,1.78,1.71,1.46,1.57,1.65,1.82,1.87,1.71,1.60,1.51,1.71,1.69,1.91,1.54,1.57,1.69,1.60,1.70,1.76,1.56,1.57,1.57,1.61,1.66,1.81,1.65,1.52,1.56,1.70,1.80,1.86,1.65,1.41,1.68,1.82,1.80,1.77,1.43,1.53,1.57,1.65,1.74,1.79,1.64,1.63,1.57,1.64,1.79,1.90,1.70,2.03,1.89,6.43
3.99,3.38,2.39,2.24,2.58,2.94,2.96,2.78,2.23,2.41,2.29,2.64,2.87,2.81,2.30,2.26,2.70,2.81,2.99,2.64,2.30,2.33,2.75,2.93,3.05,2.58,2.23,2.32,2.10,2.60,2.92,2.88,2.37,2.20,2.29,2.70,3.10,2.79,2.37,2.43,2.38,2.53,2.91,2.77,2.32,2.28,2.54,2.61,2.89,2.73,2.14,2.40,2.39,2.88,2.87,2.95,2.52,3.08,5.40,5.81
2.97,2.83,2.90,3.15,3.10,2.45,2.59,2.70,2.37,3.24,3.00,2.59,2.75,2.43,2.74,3.20,2.77,2.76,2.43,2.86,2.82,3.21,3.07,2.51,2.39,2.62,2.99,3.25,3.13,2.63,2.53,2.73,2.77,3.32,3.05,2.69,2.48,2.64,2.90,3.16,2.94,2.67,3.34,2.96,2.71,3.09,2.95,2.53,2.60,2.28,3.11,3.07,2.76,2.60,2.87,2.77,3.09,4.09,4.16,6.73
3.44,3.24,3.46,3.36,2.72,2.70,3.01,3.16,3.26,3.58,3.07,2.60,2.59,3.16,3.47,3.42,2.81,2.68,2.87,3.14,3.43,3.42,2.87,2.62,2.79,3.13,3.31,3.41,2.71,2.82,2.92,3.26,3.45,2.85,2.78,2.46,2.54,2.77,3.24,3.46,3.05,2.67,2.73,3.22,3.42,3.37,3.08,2.73,2.85,3.73,3.22,3.30,3.15,2.76,2.87,3.25,3.66,4.40,3.65,4.75
4.00,2.67,2.61,2.80,3.68,3.38,3.02,2.86,2.90,2.97,3.23,3.52,3.13,2.86,2.84,2.55,3.45,3.50,3.00,3.06,2.96,3.02,3.39,3.34,3.34,3.16,3.02,3.57,3.50,3.02,3.44,2.93,2.64,2.86,3.33,3.43,3.23,2.87,2.73,2.96,3.49,3.28,3.10,2.96,2.80,3.06,3.43,3.14,3.27,2.90,2.93,2.69,3.26,3.28,3.29,2.80,2.98,3.59,4.69,6.20
3.42,2.97,3.19,2.80,3.60,3.08,2.86,3.48,3.55,3.18,2.82,2.83,3.15,3.13,3.50,3.06,2.97,2.74,3.23,3.20,3.27,2.68,2.66,2.49,2.58,3.02,3.44,3.20,2.78,3.01,2.86,3.11,3.57,3.21,3.14,2.72,2.96,2.84,3.10,3.39,2.88,3.00,3.06,3.10,3.47,3.24,3.02,2.68,3.07,2.97,3.51,3.42,2.87,2.98,3.63,3.22,3.20,4.19,4.06,4.20
2.99,2.70,3.09,3.03,2.82,2.32,2.42,2.84,3.13,3.09,2.67,2.66,2.61,2.78,3.26,3.14,2.65,2.68,2.75,2.74,3.21,3.09,2.80,2.53,2.67,2.87,3.07,2.93,2.70,2.41,2.57,2.92,3.16,3.04,3.04,2.47,2.59,2.82,3.12,2.99,2.87,2.35,2.34,2.92,3.20,3.22,2.98,2.22,2.57,2.92,3.19,3.01,2.76,2.29,2.71,2.91,3.61,4.26,3.96,6.59
3.15,2.57,3.15,2.74,3.26,3.50,2.84,2.81,3.10,2.89,3.23,3.50,2.73,2.76,2.98,3.32,3.25,3.48,2.91,2.85,2.98,2.93,3.20,3.48,3.03,2.62,3.29,3.20,3.38,3.32,2.73,2.57,3.03,3.31,3.29,3.20,2.85,2.84,2.91,2.88,3.22,3.34,3.06,3.47,3.50,3.23,3.43,3.33,3.04,2.63,3.10,3.24,3.07,3.36,3.16,2.62,3.51,3.61,4.63,7.91
10.0,9.06,5.14,3.29,2.86,2.86,2.97,2.95,2.81,2.44,2.12,2.54,3.04,2.83,2.85,2.35,2.28,2.77,2.94,2.91,2.74,2.45,2.38,2.76,2.99,2.88,2.74,2.64,2.42,2.58,3.01,2.85,2.85,2.24,2.27,2.56,3.02,2.84,2.80,2.50,2.38,2.53,2.83,3.00,2.70,2.39,2.33,2.70,2.94,2.88,2.73,2.45,2.14,2.72,3.04,2.88,2.73,2.37,2.37,2.62
2.51,1.78,1.52,1.46,1.36,1.21,1.37,1.52,1.47,1.51,1.33,1.40,1.47,1.54,1.46,1.47,1.36,1.38,1.45,1.53,1.46,1.38,1.41,1.31,1.35,1.57,1.49,1.52,1.32,1.46,1.35,1.57,1.50,1.45,1.39,1.31,1.36,1.53,1.53,1.48,1.35,1.38,1.38,1.60,1.48,1.43,1.27,1.36,1.32,1.54,1.55,1.43,1.30,1.32,1.44,1.59,1.68,1.79,1.94,.996
3.41,2.73,1.47,1.58,1.44,1.51,1.46,1.61,1.60,1.53,1.47,1.25,1.59,1.60,1.59,1.52,1.43,1.54,1.44,1.55,1.54,1.54,1.55,1.61,1.48,1.50,1.59,1.32,1.45,1.28,1.43,1.58,1.61,1.59,1.37,1.49,1.44,1.56,1.61,1.60,1.60,1.38,1.45,1.59,1.62,1.59,1.45,1.37,1.50,1.59,1.54,1.53,1.39,1.47,1.57,1.66,1.87,1.84,2.08,2.02
3.00,2.41,2.58,3.12,2.89,2.69,2.36,2.40,2.75,3.03,2.93,2.89,2.39,2.51,2.86,3.05,3.08,2.51,2.41,2.45,2.45,3.15,2.87,2.48,2.41,2.40,2.59,3.23,2.91,2.75,2.26,2.33,2.63,2.98,3.08,2.69,2.57,2.64,2.76,3.04,2.60,2.55,2.48,2.21,2.62,3.15,2.99,2.57,2.47,2.45,2.47,3.12,3.05,2.50,2.55,2.72,2.95,4.70,4.32,7.53
1.18,1.06,.945,1.04,1.04,1.06,1.02,1.01,.992,1.00,1.05,1.09,1.08,.989,.937,1.03,1.05,1.06,.978,.969,.941,.984,.993,1.07,1.00,.945,.949,.974,1.10,1.05,1.05,1.00,1.10,.970,.994,1.05,.992,.990,.974,1.01,1.13,1.05,1.06,.983,.914,1.02,1.07,1.05,1.03,.996,.961,.990,1.07,1.06,.963,.983,1.08,2.02,5.62,7.51
3.67,3.46,3.32,3.05,2.83,2.79,3.07,3.25,3.48,2.66,2.57,2.78,2.67,3.09,3.47,2.86,2.71,2.79,3.24,3.30,3.39,3.28,2.96,2.85,3.10,3.39,3.26,3.18,2.80,2.94,3.15,3.33,3.30,3.10,2.84,2.92,3.34,3.20,3.63,3.16,3.05,2.61,3.05,3.40,3.29,3.32,2.99,2.73,2.98,3.53,3.29,3.26,2.90,2.85,3.07,3.47,3.93,4.26,3.89,5.60
4.22,2.95,2.38,2.92,2.98,3.45,3.46,2.89,2.62,2.79,2.99,3.62,3.45,3.17,2.36,2.98,2.69,3.60,3.26,3.02,2.86,2.80,2.63,3.60,3.42,2.82,2.66,3.02,3.11,3.56,3.36,3.05,2.74,2.77,2.88,3.58,3.40,2.99,2.51,3.02,3.14,3.74,3.45,3.04,2.55,2.97,2.96,3.58,3.58,3.01,2.32,2.90,2.71,3.58,3.49,3.11,2.44,3.81,4.34,7.48
2.83,3.17,3.48,3.36,2.86,2.96,2.70,2.96,3.68,3.30,3.11,3.02,2.79,3.14,3.55,3.20,2.86,2.96,2.95,3.19,3.55,3.30,3.00,2.97,2.86,2.81,3.72,3.51,2.67,2.81,3.00,2.99,3.61,3.14,2.84,2.77,3.03,3.07,3.57,3.40,2.85,2.65,2.78,3.24,3.58,3.33,3.02,2.67,2.91,3.28,3.64,3.44,2.85,2.86,2.79,2.87,3.85,4.29,4.25,5.76
2.76,2.55,2.56,3.03,2.87,2.40,2.57,2.50,2.57,3.04,2.62,2.69,2.26,2.41,2.55,3.05,2.91,2.64,2.42,2.58,2.58,3.11,2.67,2.48,2.31,2.50,2.54,3.01,2.75,2.66,2.38,2.65,2.53,3.11,2.59,2.52,2.26,2.50,2.70,3.11,2.82,2.51,2.37,2.45,2.54,3.00,2.77,2.43,2.30,2.97,2.85,2.90,2.76,2.32,2.51,2.65,2.95,4.28,4.67,5.91
1.67,1.57,1.19,1.45,1.48,1.61,1.48,1.43,1.36,1.46,1.49,1.48,1.49,1.41,1.38,1.36,1.46,1.55,1.45,1.39,1.23,1.45,1.37,1.57,1.48,1.41,1.33,1.45,1.46,1.56,1.55,1.39,1.39,1.35,1.42,1.58,1.49,1.36,1.29,1.45,1.41,1.58,1.52,1.33,1.38,1.39,1.47,1.51,1.46,1.41,1.35,1.46,1.44,1.58,1.46,1.36,2.27,3.45,4.97,8.30
3.23,2.84,2.45,2.21,2.74,2.71,2.77,2.72,2.19,2.30,2.88,2.94,2.71,2.67,2.29,2.39,2.75,2.97,2.91,2.78,2.35,2.20,2.61,2.72,2.76,2.57,2.56,2.50,2.47,3.01,2.73,2.76,2.56,2.49,2.91,2.89,2.76,2.84,2.54,2.48,2.82,2.76,2.72,2.68,2.35,2.34,2.82,2.98,2.70,2.65,2.19,2.38,2.69,3.09,3.02,2.81,2.50,2.99,5.08,8.15
10.0,9.90,7.64,4.77,3.52,2.54,2.56,2.77,3.08,3.00,2.83,2.23,2.61,2.72,3.33,3.10,2.65,2.50,2.84,2.61,3.03,3.07,2.74,2.38,2.70,2.88,3.01,3.13,3.05,2.31,3.28,2.70,2.78,3.08,2.76,2.54,2.75,2.69,3.18,3.04,2.62,2.26,2.51,2.69,3.11,3.06,2.67,2.30,2.89,2.67,3.00,3.06,2.87,2.49,2.64,3.05,3.10,2.96,2.85,2.54
3.73,3.10,2.48,2.33,2.57,2.91,2.88,2.80,2.30,2.38,2.58,2.85,2.65,2.76,2.30,2.45,2.66,3.02,2.97,3.03,2.41,2.45,2.34,2.84,2.86,2.67,2.31,2.28,2.80,2.99,2.39,2.81,2.56,2.82,2.87,2.69,2.87,2.50,2.22,2.36,2.71,2.91,3.05,2.84,2.33,2.42,2.76,3.12,2.61,2.74,2.17,2.65,2.97,2.97,2.83,2.81,2.88,2.91,4.22,7.63
1.67,1.41,1.49,1.62,1.58,1.58,1.48,1.40,1.47,1.55,1.63,1.57,1.47,1.47,1.48,1.54,1.55,1.55,1.44,1.55,1.46,1.57,1.63,1.56,1.56,1.38,1.53,1.47,1.58,1.66,1.38,1.43,1.52,1.40,1.61,1.65,1.47,1.66,1.62,1.45,1.63,1.59,1.55,1.47,1.49,1.52,1.65,1.58,1.45,1.55,1.45,1.42,1.56,1.54,1.57,1.51,1.74,2.59,4.91,8.18
3.21,2.95,2.24,2.58,2.91,3.09,2.92,2.63,2.23,2.51,2.60,2.61,2.74,2.62,2.44,2.52,2.56,3.09,2.91,2.41,2.33,2.42,2.70,3.03,3.01,2.51,2.24,2.43,2.73,2.63,2.91,2.44,2.26,2.54,2.63,2.98,2.78,2.54,2.28,2.41,2.81,3.10,2.83,2.75,2.34,2.40,2.83,2.46,2.88,2.66,2.31,2.46,2.87,3.05,2.81,2.74,3.21,3.61,5.02,9.03
2.04,1.72,1.55,1.54,1.76,1.87,1.79,1.50,1.80,1.49,1.63,1.68,1.88,1.82,1.63,1.58,1.57,1.68,1.76,1.53,1.74,1.46,1.61,1.66,1.83,1.70,1.71,1.61,1.54,1.85,1.73,1.70,1.55,1.53,1.59,1.46,1.70,1.52,1.69,1.41,1.55,1.77,1.77,1.74,1.68,1.56,1.49,1.65,1.83,1.68,1.72,1.44,1.61,1.60,1.84,2.31,3.50,3.67,3.84,7.97
3.41,2.89,2.25,2.31,2.66,3.11,2.84,2.69,2.31,2.73,3.02,2.94,2.92,2.71,2.31,2.29,2.82,3.10,2.95,2.61,2.20,2.25,2.59,3.03,2.98,2.81,2.32,2.37,2.80,3.15,2.89,2.55,2.46,2.62,2.59,2.91,2.87,3.06,2.32,2.23,2.79,3.00,2.97,2.68,2.46,2.34,2.49,3.03,3.12,2.95,2.17,2.31,2.69,3.01,2.99,2.97,3.09,2.77,4.94,9.19
2.71,2.53,3.11,3.39,3.51,3.14,3.10,2.77,3.21,3.38,3.42,3.29,3.61,2.87,2.72,3.55,3.33,2.99,2.85,2.66,2.95,3.52,3.26,2.95,2.74,2.76,3.20,3.31,3.49,2.99,2.97,3.00,3.11,3.29,3.42,2.99,2.81,2.48,3.26,3.48,3.23,2.83,2.74,2.90,3.04,3.30,3.45,2.96,2.86,2.93,2.90,3.47,3.31,2.98,2.92,2.84,3.29,4.81,5.72,8.11
1.11,1.16,1.21,1.24,1.25,1.04,1.07,1.17,1.17,1.27,1.22,1.15,1.11,1.15,1.18,1.26,1.19,1.12,1.16,1.19,1.26,1.25,1.20,1.09,1.09,1.19,1.19,1.20,1.22,1.16,1.09,1.23,1.20,1.26,1.21,1.13,1.17,1.09,1.17,1.22,1.18,1.07,1.07,1.14,1.20,1.23,1.19,1.18,1.09,1.20,1.22,1.28,1.22,1.08,1.17,1.12,1.37,2.31,2.73,3.43
2.85,2.52,2.56,2.88,2.78,2.37,2.53,2.73,2.89,2.47,2.78,2.50,2.21,2.60,2.83,2.90,2.85,2.38,2.39,2.68,2.75,2.76,2.70,2.40,2.41,2.69,2.56,2.61,2.80,2.31,2.34,2.65,2.86,2.80,2.79,2.37,2.32,2.49,2.79,2.95,2.79,2.57,2.46,2.61,2.76,2.58,2.55,2.35,2.50,2.30,2.72,2.60,2.75,2.30,2.58,3.06,3.72,4.37,5.22,8.75
2.40,2.54,1.63,1.61,1.58,1.57,1.39,1.57,1.47,1.69,1.64,1.50,1.52,1.36,1.47,1.68,1.62,1.53,1.50,1.50,1.46,1.53,1.54,1.57,1.39,1.43,1.51,1.65,1.65,1.53,1.52,1.36,1.56,1.63,1.59,1.60,1.37,1.53,1.48,1.57,1.65,1.48,1.51,1.43,1.52,1.66,1.63,1.45,1.39,1.52,1.51,1.64,1.60,1.50,1.42,1.47,1.75,2.14,2.52,2.09
3.67,2.67,2.73,3.11,3.69,3.31,3.37,3.00,2.68,3.00,3.73,3.48,3.24,2.75,3.02,2.90,3.46,2.78,3.14,2.82,2.71,3.07,3.59,3.19,3.21,2.72,3.18,3.69,3.60,2.97,3.16,2.62,2.95,2.93,3.46,3.02,2.95,2.92,3.32,3.29,3.33,3.32,3.19,2.64,2.93,3.21,3.54,3.22,3.28,2.83,2.84,2.98,3.39,2.80,3.08,2.97,3.12,3.67,6.11,8.71
10.0,8.39,4.31,3.49,4.01,3.08,2.48,2.34,2.64,2.58,3.14,2.83,2.33,2.64,2.56,2.72,3.03,2.81,2.40,2.46,2.78,2.82,3.04,2.71,2.45,2.26,2.46,2.68,3.15,2.86,2.41,2.68,2.96,2.62,3.11,2.70,2.66,2.49,2.52,2.86,3.03,2.70,2.36,2.43,2.61,2.55,3.27,2.85,2.32,2.36,2.77,2.76,3.16,2.70,2.50,2.23,2.68,2.68,3.13,2.91
1.59,1.31,1.41,1.69,1.54,1.44,1.33,1.40,1.34,1.32,1.53,1.55,1.49,1.39,1.37,1.43,1.54,1.60,1.43,1.31,1.40,1.40,1.55,1.51,1.47,1.31,1.46,1.38,1.61,1.46,1.51,1.41,1.39,1.49,1.51,1.55,1.37,1.34,1.37,1.60,1.52,1.40,1.51,1.54,1.49,1.39,1.58,1.49,1.45,1.45,1.35,1.40,1.50,1.56,1.53,1.38,2.74,3.55,5.29,9.46
2.91,3.16,2.66,2.42,2.36,2.49,2.86,2.97,2.58,2.66,2.27,2.56,2.83,3.00,2.53,2.38,2.30,2.57,2.89,3.00,2.47,2.53,2.43,2.70,2.96,2.89,2.82,2.38,2.43,2.55,2.89,3.10,2.86,2.55,2.25,2.66,2.90,2.92,2.65,2.76,2.45,2.47,2.79,2.98,2.74,2.38,2.71,2.88,3.13,2.74,2.53,2.45,2.42,2.64,3.04,3.21,3.06,4.06,4.58,9.09
3.73,2.88,2.73,2.80,3.18,3.59,3.30,3.16,2.60,2.94,3.27,3.74,3.40,2.76,2.71,3.12,3.20,3.64,3.24,2.90,2.98,3.45,3.03,3.74,3.33,3.00,2.64,3.16,3.15,3.59,3.37,2.82,2.81,3.04,3.08,3.73,3.44,2.94,2.87,2.97,3.26,3.66,3.45,2.84,2.52,2.90,3.14,3.62,3.25,2.67,2.56,2.98,3.19,3.62,3.55,3.00,2.97,3.97,4.91,9.28
2.68,2.39,2.39,3.10,3.06,2.52,2.65,2.46,2.71,3.21,2.97,2.28,2.60,2.90,3.09,3.34,3.00,2.67,2.44,2.56,2.79,3.28,2.98,2.63,2.43,2.50,2.81,3.26,3.06,2.69,2.49,2.55,2.96,3.21,2.91,2.76,2.44,2.79,2.79,3.26,3.00,2.56,2.49,2.59,2.80,3.26,3.02,3.24,2.80,2.47,2.94,3.30,3.07,2.79,2.58,2.80,3.46,4.60,5.64,8.82
2.96,2.73,2.95,2.62,2.73,2.45,2.77,3.09,2.93,2.87,2.41,2.27,2.49,2.81,2.98,2.92,2.67,2.36,2.49,2.88,2.89,2.52,2.66,2.46,2.47,2.72,2.82,2.75,2.70,2.41,2.74,2.72,2.91,2.66,2.58,2.27,2.71,2.70,3.02,2.80,2.51,2.59,3.07,3.06,2.72,2.78,2.71,2.47,2.45,2.74,2.92,2.74,2.66,2.57,2.52,3.09,3.99,4.12,4.96,9.49
2.26,2.91,2.75,2.55,2.41,2.53,2.66,2.94,2.91,2.60,2.58,2.36,2.92,3.14,2.68,2.47,2.48,2.72,3.12,2.86,2.60,2.52,2.20,2.60,2.62,2.88,2.87,3.05,2.56,2.36,2.83,2.94,2.78,2.75,2.49,2.45,2.50,2.99,2.92,2.79,2.50,2.53,2.95,3.08,2.96,2.62,2.57,2.54,2.72,3.08,2.88,2.57,2.57,2.64,2.31,3.40,3.62,4.10,4.65,9.62
3.07,3.12,3.10,2.74,2.67,2.48,2.84,3.34,2.99,2.78,2.31,2.50,2.91,3.28,3.07,2.70,2.38,2.59,2.87,3.20,2.93,2.84,2.64,2.28,2.94,3.21,2.89,3.00,3.20,2.58,2.56,3.27,3.15,3.06,3.34,2.64,2.56,3.31,2.99,2.62,2.52,2.51,2.71,3.33,3.03,2.77,2.26,2.39,2.94,3.24,3.10,2.72,2.39,2.81,2.98,3.63,3.95,3.60,4.40,8.81
3.66,2.99,2.36,2.22,2.60,2.64,2.99,2.89,2.71,2.26,2.68,2.68,3.12,2.98,2.65,2.45,2.58,2.58,3.13,2.82,2.45,2.65,2.41,2.66,3.13,2.91,2.21,2.37,2.45,2.67,3.14,2.82,2.57,2.40,2.62,2.70,3.00,2.73,2.47,2.23,2.45,2.61,3.10,2.90,2.53,2.29,2.45,3.21,2.87,2.61,2.46,2.27,2.59,2.67,2.98,3.02,2.99,3.44,4.77,8.10
2.93,2.84,2.61,2.69,2.79,2.49,2.84,3.21,2.79,2.83,2.45,2.41,2.83,3.20,2.91,2.84,2.47,2.53,2.88,2.95,2.63,2.52,2.72,2.51,2.96,3.22,2.87,2.47,2.58,2.52,2.78,3.18,2.78,2.81,2.35,2.72,2.91,2.75,2.95,3.28,2.34,2.69,2.69,3.17,2.93,2.77,2.56,2.74,2.87,3.20,2.84,2.63,2.47,2.56,2.84,3.06,2.78,3.88,4.53,9.44
3.40,2.65,2.68,2.73,3.22,2.96,2.98,2.67,2.51,2.60,3.21,3.18,2.81,2.94,2.36,2.83,3.09,3.22,2.88,2.46,2.39,2.65,3.20,3.07,2.76,2.38,2.45,2.37,3.13,3.13,2.91,2.75,2.92,2.92,2.97,3.27,2.85,2.37,2.49,3.08,3.17,2.97,2.96,2.51,2.54,2.46,3.14,3.32,2.83,2.38,2.80,2.68,3.23,3.02,2.97,2.60,2.83,4.38,6.53,9.49
10.0,9.14,4.09,3.36,2.76,2.38,2.53,2.99,2.72,2.74,2.42,2.54,2.62,2.83,2.78,2.46,2.29,2.61,2.55,2.92,2.54,2.61,2.39,2.60,2.48,3.02,2.58,2.39,2.33,2.53,2.79,2.98,2.97,2.60,2.82,2.57,2.54,2.79,2.48,2.68,2.29,2.48,2.69,2.90,2.75,2.59,2.57,2.49,2.71,3.01,2.70,2.50,2.44,2.56,2.72,3.02,2.53,2.54,2.22,2.49
2.71,2.25,3.00,3.56,3.35,2.82,2.59,3.04,2.94,3.53,3.49,2.79,2.71,2.96,3.03,3.54,3.45,2.81,2.66,2.65,2.91,3.45,3.23,2.95,3.10,3.05,2.82,3.42,3.28,3.04,2.75,2.84,2.93,3.57,3.19,2.98,2.65,2.71,2.95,3.61,3.25,3.06,3.01,2.92,2.87,3.58,3.33,3.00,2.74,2.90,2.98,3.50,3.33,2.89,2.50,2.74,3.79,5.24,5.46,9.43
3.15,3.22,2.71,2.56,2.40,2.47,2.75,2.99,2.74,2.62,2.48,2.50,2.62,3.07,2.74,2.59,2.32,2.37,2.57,2.93,2.73,2.91,2.94,2.33,2.83,2.99,2.76,2.55,2.19,2.44,2.74,3.10,2.90,2.56,2.50,2.52,2.46,3.11,2.71,2.59,2.49,2.64,2.49,3.04,2.67,2.63,2.28,2.11,2.57,2.97,2.96,2.44,2.51,2.55,2.75,3.38,3.34,4.51,4.94,8.56
2.37,2.22,2.67,3.15,2.92,2.39,2.45,2.69,2.40,3.14,2.91,2.40,2.50,2.59,2.50,3.08,2.92,2.66,2.37,2.44,2.33,3.05,2.83,2.64,2.46,2.56,2.49,3.02,2.82,2.55,2.40,2.79,2.58,3.12,2.94,2.45,2.21,2.55,2.59,3.15,2.88,2.38,2.53,2.52,2.67,2.93,2.87,2.66,2.86,2.84,2.46,3.02,2.93,2.56,2.44,2.76,3.83,4.72,7.20,9.75
3.42,2.85,2.46,2.38,2.33,2.37,3.02,2.81,2.59,2.46,2.38,2.88,2.99,2.59,2.51,2.49,2.46,2.67,2.93,2.86,2.46,2.32,2.44,2.69,2.87,2.90,2.50,2.23,2.38,2.52,3.00,2.82,2.86,2.46,2.68,2.96,2.99,2.69,2.68,2.52,2.60,2.60,2.94,2.83,2.46,2.20,2.23,2.24,2.83,2.84,2.47,2.73,2.38,2.45,3.13,3.19,3.33,3.71,4.55,9.20
2.70,3.17,2.80,2.71,2.70,2.85,2.94,3.33,2.79,2.66,2.61,2.68,2.64,3.33,3.02,2.59,2.51,2.66,3.05,3.21,2.97,2.58,2.53,2.62,2.64,3.21,2.77,2.48,2.45,2.99,2.89,3.24,3.02,2.37,2.58,2.79,2.83,3.38,2.93,2.49,2.69,3.03,2.80,3.26,2.72,2.51,2.57,2.83,2.86,3.33,2.80,2.52,2.48,2.70,3.09,3.46,3.49,4.04,5.08,9.35
2.56,2.33,2.69,2.96,2.99,2.72,2.28,2.50,2.71,3.07,2.76,2.67,2.53,2.46,2.51,3.13,3.05,2.52,2.18,2.52,2.68,2.95,2.90,2.60,2.47,2.61,2.61,3.01,2.80,2.51,2.50,2.42,2.52,3.15,2.95,2.40,2.19,2.41,2.71,3.26,2.69,2.78,2.25,2.54,2.64,3.15,2.94,2.59,2.31,2.41,2.59,3.06,2.89,2.47,2.48,2.83,3.40,5.87,8.77,9.98
1.52,1.50,1.38,1.39,1.38,1.52,1.44,1.36,1.40,1.29,1.43,1.37,1.36,1.52,1.42,1.37,1.37,1.42,1.43,1.59,1.42,1.35,1.33,1.43,1.40,1.36,1.43,1.42,1.54,1.49,1.46,1.59,1.47,1.41,1.32,1.45,1.46,1.50,1.46,1.37,1.38,1.41,1.44,1.41,1.40,1.37,1.42,1.43,1.47,1.51,1.40,1.45,1.26,1.39,1.40,1.73,1.93,2.05,1.15,5.77
2.48,2.63,2.63,3.05,2.62,2.49,2.70,2.89,3.00,2.92,2.60,2.60,2.69,3.08,3.02,3.22,2.94,2.44,2.71,3.20,2.37,2.99,2.65,2.46,2.74,2.78,3.05,2.79,2.72,2.61,2.66,2.80,3.02,2.82,2.38,2.66,2.44,2.47,2.62,3.14,2.69,2.64,2.78,2.83,2.90,3.07,3.03,2.51,2.70,2.81,2.96,3.09,2.82,2.63,2.80,2.97,3.22,4.46,5.12,9.58
3.03,2.32,2.46,2.71,3.30,3.06,2.46,2.40,2.41,3.23,3.34,2.45,2.61,2.55,2.46,2.87,3.29,3.02,2.59,2.57,2.35,2.59,3.22,3.19,2.75,2.29,2.23,2.73,3.24,2.83,2.69,2.85,2.64,3.15,3.12,2.86,2.78,2.55,2.39,2.75,3.21,2.93,3.10,2.44,2.37,2.93,3.12,2.84,2.88,2.55,2.43,2.67,3.22,3.01,2.76,2.61,2.93,3.83,7.11,9.67
3.03,2.98,3.13,3.01,2.79,2.83,3.16,3.43,3.45,3.21,2.74,2.98,3.10,3.69,3.35,2.89,2.76,2.52,3.29,3.48,3.26,3.08,2.79,2.70,3.35,3.57,3.23,2.91,2.94,2.69,3.52,3.66,3.09,3.22,3.07,2.82,3.06,3.04,3.13,3.16,2.47,2.79,3.14,3.35,3.25,3.16,3.01,2.73,2.91,3.51,3.31,3.10,2.78,2.97,3.16,3.48,4.35,4.44,6.72,10.0
10.0,9.77,7.89,4.38,2.35,1.62,1.60,1.87,1.71,1.59,1.42,1.78,1.67,1.82,1.84,1.47,1.58,1.78,1.82,1.69,1.53,1.53,1.59,1.85,1.47,1.73,1.84,1.57,1.61,1.53,1.79,1.76,1.76,1.54,1.54,1.68,1.78,1.83,1.44,1.51,1.48,1.77,1.84,1.71,1.78,1.45,1.60,1.68,1.81,1.86,1.67,1.65,1.47,1.68,1.70,1.81,1.72,1.39,1.55,1.63
3.15,2.95,2.81,2.51,2.51,2.67,2.97,2.88,2.77,2.51,2.56,2.62,2.82,2.92,2.66,2.53,2.27,2.57,2.95,2.93,2.60,2.43,2.47,2.46,3.20,2.86,2.79,2.30,2.59,2.68,2.90,2.95,2.78,2.39,2.31,2.53,2.87,3.04,2.76,2.27,2.69,2.48,3.00,2.88,2.77,2.44,2.14,2.57,3.01,3.01,2.70,2.37,2.19,2.60,3.07,3.42,3.62,3.42,6.81,9.86
3.07,3.31,3.54,3.06,2.72,3.08,3.08,3.10,3.51,3.08,2.84,2.89,3.33,3.30,3.36,2.66,2.70,2.91,3.32,3.38,3.43,3.26,2.72,2.79,3.38,3.46,3.61,3.00,2.72,2.95,3.33,3.06,3.40,3.16,3.40,3.54,2.98,3.27,3.16,3.30,2.82,2.90,3.18,3.31,3.24,3.01,2.88,2.86,3.10,3.35,3.23,2.83,2.92,2.49,2.99,3.86,4.51,4.99,7.47,10.0
3.32,2.65,2.29,2.29,2.44,3.01,2.86,2.60,2.41,2.28,2.57,3.13,2.90,2.70,2.23,2.61,2.46,3.02,2.94,2.44,2.36,2.62,2.34,3.02,2.88,2.50,2.51,2.61,2.65,3.02,2.96,2.55,2.36,2.59,2.60,3.00,2.79,2.57,2.36,2.30,2.40,3.02,2.90,2.58,2.27,2.47,2.62,2.99,3.06,2.77,2.81,2.80,2.38,3.04,2.87,3.00,3.08,3.64,5.58,9.69
2.91,2.72,2.73,2.35,2.84,3.08,2.61,2.86,2.62,2.67,2.71,3.21,3.17,2.52,2.48,2.51,3.02,3.15,3.02,2.71,2.62,2.44,2.80,3.19,2.58,2.69,2.49,2.47,2.89,3.18,2.93,2.85,2.24,2.65,2.85,3.20,3.07,2.83,2.71,2.74,3.29,3.14,2.50,2.97,2.53,2.65,3.01,3.20,2.99,2.78,2.37,2.74,2.61,2.98,3.21,2.95,3.11,3.31,5.77,9.78
2.42,2.30,2.80,3.09,2.88,2.84,2.40,2.40,2.89,3.00,2.87,2.69,2.05,2.64,2.57,2.90,2.87,2.85,2.28,2.57,2.48,2.85,2.88,2.85,2.38,2.41,2.61,2.92,2.98,2.79,2.29,2.35,3.06,2.92,2.77,2.79,2.10,2.33,2.37,2.98,3.07,2.65,2.34,2.29,2.58,3.01,2.78,2.71,2.37,2.57,2.68,2.87,2.91,2.89,2.48,2.66,3.08,5.24,7.18,9.77
1.34,1.35,1.38,1.61,1.49,1.34,1.33,1.33,1.41,1.56,1.55,1.35,1.36,1.34,1.36,1.58,1.53,1.45,1.36,1.35,1.40,1.59,1.49,1.40,1.42,1.30,1.42,1.50,1.52,1.43,1.36,1.44,1.42,1.50,1.49,1.49,1.36,1.22,1.42,1.58,1.55,1.33,1.35,1.37,1.45,1.54,1.52,1.43,1.35,1.45,1.41,1.57,1.49,1.40,1.40,1.36,1.79,2.95,6.72,9.74
3.23,2.84,2.59,2.11,2.81,2.91,3.17,3.20,2.76,2.45,2.71,2.96,3.15,3.08,2.58,2.56,2.77,2.76,3.12,3.04,2.90,3.24,2.95,2.70,3.10,2.97,2.73,2.30,2.87,2.98,3.23,2.96,2.76,2.59,2.72,2.69,3.31,2.87,2.88,2.45,2.79,2.72,3.32,2.97,2.66,2.53,3.04,2.83,3.17,2.93,2.72,2.56,2.85,2.91,3.23,3.39,2.94,4.18,7.53,9.85
3.05,2.83,2.62,2.39,2.69,3.21,3.02,2.97,2.60,2.46,2.76,3.11,3.10,2.96,2.61,2.60,2.69,3.07,3.05,2.48,2.65,2.65,3.20,3.12,2.53,3.16,2.42,2.51,2.86,3.20,3.24,2.86,2.69,2.25,2.84,2.89,3.03,3.20,2.59,2.63,2.78,3.09,3.01,3.00,2.62,2.54,2.90,3.25,3.03,2.80,2.56,2.50,2.75,3.17,3.26,3.18,3.11,3.17,6.87,9.89
2.96,2.73,3.06,3.01,3.71,3.20,3.28,2.80,2.54,2.96,3.69,3.05,3.41,2.85,2.75,3.14,3.61,2.85,3.16,2.71,2.75,3.12,3.60,3.21,2.83,2.69,2.95,3.11,3.57,3.10,2.96,2.94,2.77,3.31,3.71,2.75,3.17,3.70,2.91,3.00,3.59,3.31,3.05,2.80,2.89,3.10,3.83,3.18,2.98,2.47,2.82,3.11,3.71,2.89,2.96,3.02,3.41,4.37,7.92,9.99
2.97,2.56,2.26,2.69,2.92,3.10,2.74,2.52,2.16,2.43,2.80,3.04,2.90,2.57,2.20,2.50,2.60,3.12,2.75,2.57,2.22,2.48,2.81,2.92,2.56,2.51,2.39,2.63,3.02,2.99,2.79,2.69,2.57,2.50,2.85,3.06,2.83,2.57,2.54,2.28,2.67,3.06,2.50,2.65,2.53,2.42,2.64,3.11,2.82,2.74,2.27,2.57,2.66,3.11,2.99,3.18,3.25,4.43,7.98,9.99
10.0,9.10,5.76,4.41,3.50,2.57,2.51,2.97,3.04,2.84,2.40,2.38,2.31,2.58,3.03,2.88,2.30,2.28,2.44,2.57,3.01,2.95,2.61,2.42,2.43,2.72,3.14,2.97,2.38,3.00,2.85,2.31,3.02,2.96,2.70,2.56,2.49,2.68,3.09,2.89,2.65,2.41,2.44,2.68,3.13,2.78,2.30,3.10,2.72,2.54,3.07,2.87,2.57,2.34,2.53,2.51,3.07,2.47,2.54,2.43
2.42,2.18,2.20,2.80,2.84,2.69,2.41,2.23,2.72,3.03,2.85,2.77,2.54,2.26,2.68,2.82,3.04,2.79,2.50,2.28,2.49,2.75,2.88,2.64,2.56,2.50,2.46,2.73,2.87,2.66,2.52,2.63,2.81,2.82,2.78,2.73,2.39,2.36,2.24,2.84,2.90,2.55,2.57,2.23,2.24,2.99,3.03,2.79,2.56,2.46,2.38,2.81,2.83,2.78,2.55,2.98,3.01,5.73,7.50,10.0
3.43,3.54,3.18,2.63,2.84,2.95,3.44,3.57,2.92,2.76,2.93,2.47,3.39,3.61,3.09,2.93,3.03,3.87,3.44,3.31,3.21,2.85,2.47,3.25,3.51,3.63,2.95,2.85,2.93,2.79,3.49,3.53,3.28,2.62,3.09,3.63,3.42,3.41,3.22,2.43,3.20,3.73,3.44,3.31,2.89,2.66,2.88,2.86,3.39,3.55,2.98,2.61,2.82,3.26,3.55,4.17,4.03,4.31,6.62,10.0
3.12,2.81,2.57,2.59,2.62,2.76,3.25,3.21,2.77,2.46,2.80,2.71,3.17,3.08,2.75,2.37,2.41,3.12,3.27,3.16,2.60,2.50,2.55,3.22,3.18,2.91,2.82,2.28,2.55,2.75,3.32,3.30,2.92,2.53,3.23,2.72,3.00,3.08,2.79,2.33,2.50,2.76,3.25,3.02,2.83,2.35,2.20,2.91,3.14,3.13,2.86,2.30,2.65,3.11,3.27,3.63,3.72,4.46,8.64,10.0
1.38,1.50,1.38,1.56,1.56,1.47,1.44,1.49,1.50,1.62,1.64,1.44,1.39,1.41,1.47,1.61,1.60,1.57,1.38,1.54,1.50,1.56,1.50,1.47,1.46,1.40,1.48,1.66,1.59,1.48,1.40,1.48,1.47,1.65,1.51,1.46,1.45,1.46,1.58,1.56,1.57,1.39,1.37,1.41,1.50,1.61,1.61,1.47,1.35,1.56,1.47,1.63,1.62,1.49,1.46,1.93,3.32,4.04,7.68,10.0
2.88,2.49,2.94,2.80,2.43,2.20,2.72,2.86,2.93,2.68,2.06,2.35,2.76,2.94,2.94,2.51,2.37,2.49,2.68,2.84,2.96,2.63,2.29,2.34,2.52,2.61,2.98,2.74,2.26,2.51,2.60,2.90,2.82,2.77,2.15,2.47,2.64,2.85,2.85,2.74,2.35,2.46,2.78,2.81,2.85,2.63,2.39,2.34,2.65,2.88,3.02,2.63,2.37,2.43,2.77,3.64,4.22,4.75,6.51,10.0
10.0,9.77,7.29,3.13,1.89,1.88,1.70,1.50,1.64,1.50,1.77,1.78,1.82,1.61,1.49,1.58,1.71,1.96,1.75,1.65,1.64,1.57,1.70,1.71,1.81,1.53,1.54,1.58,1.62,1.79,1.77,1.59,1.49,1.79,1.86,1.77,1.80,1.57,1.58,1.52,1.73,1.81,1.79,1.69,1.51,1.62,1.62,1.87,1.85,1.49,1.49,1.51,1.65,1.77,1.86,1.75,1.52,1.63,1.65,1.93
10.0,8.82,3.96,3.62,3.61,3.29,2.75,2.53,2.59,2.61,2.40,2.76,2.69,2.30,2.58,2.83,2.57,3.09,2.63,2.35,2.45,2.48,2.66,2.97,2.91,2.43,2.39,2.50,2.36,2.88,2.83,2.42,2.34,2.33,2.64,2.96,2.89,2.41,2.67,2.55,2.69,2.79,2.83,2.45,2.38,2.56,2.37,3.01,2.94,2.37,2.43,2.71,2.90,3.10,2.73,2.32,2.20,2.55,2.89,2.98
10.0,8.45,5.28,3.97,2.81,2.60,2.77,3.03,2.69,2.50,2.54,2.38,2.54,3.03,2.36,2.74,2.42,2.50,2.84,2.81,3.02,2.57,2.54,2.27,2.58,2.98,2.90,2.65,2.52,2.51,2.75,3.02,2.62,2.59,2.30,2.48,2.67,2.94,2.84,2.65,2.47,2.46,2.62,2.88,2.85,2.68,2.39,2.43,2.54,2.91,2.52,2.64,2.72,2.31,2.72,2.87,2.72,2.67,2.35,2.50
10.0,9.75,7.73,4.03,3.45,2.93,3.34,3.40,3.46,2.94,2.83,3.05,3.37,3.59,3.05,3.48,3.19,2.97,3.32,3.50,3.19,3.11,3.68,3.03,2.92,3.63,3.14,2.91,2.57,2.77,3.70,3.55,2.92,2.81,3.17,3.24,3.34,3.47,3.21,2.72,2.86,2.99,3.53,3.41,3.12,2.90,2.93,3.30,3.37,3.67,3.01,2.55,2.75,3.00,3.20,3.40,3.22,2.74,3.04,2.58
10.0,9.69,7.90,5.35,3.22,2.48,2.66,2.99,3.23,3.57,2.95,2.85,2.67,3.20,3.55,3.49,3.10,2.80,3.22,2.89,3.34,3.47,3.49,3.57,2.77,2.63,3.16,3.43,3.02,2.77,2.85,2.99,3.57,3.54,2.96,2.66,2.95,2.92,3.45,3.53,2.86,2.65,3.11,2.79,3.05,3.33,2.91,2.71,3.37,3.01,3.58,3.23,3.00,2.83,3.11,2.80,3.41,3.26,2.87,2.98
10.0,9.95,6.27,3.36,2.65,3.07,3.14,2.71,2.62,2.47,2.59,2.61,2.84,2.87,2.67,2.40,2.71,2.75,3.11,2.77,2.51,2.56,2.29,2.80,3.04,2.80,2.50,2.44,2.46,2.78,2.73,2.90,2.54,2.39,2.43,2.76,2.82,2.89,2.52,2.53,2.39,2.56,2.97,2.72,2.50,2.64,2.55,2.79,3.08,2.74,2.61,3.03,2.95,2.52,2.89,2.99,2.35,2.21,2.24,2.39
10.0,7.31,3.83,3.52,3.72,3.15,2.76,2.35,2.42,2.57,2.86,3.09,2.48,2.27,2.46,2.68,2.91,2.93,2.70,2.56,3.05,2.69,2.83,2.95,2.72,2.24,2.44,2.60,2.48,2.94,2.61,2.44,2.56,2.55,2.84,3.05,2.54,2.56,2.36,2.54,3.11,2.84,2.67,2.29,2.47,2.61,2.70,2.88,2.65,2.40,2.42,2.59,3.08,2.88,2.45,2.61,2.95,2.28,2.75,2.97
10.0,8.40,4.52,4.50,3.29,2.41,2.50,2.65,2.89,2.98,2.63,2.47,3.01,2.76,2.42,2.91,2.67,2.43,2.49,2.61,2.89,2.76,2.78,2.26,2.49,2.68,2.84,2.88,2.59,2.40,2.44,2.52,2.40,3.08,2.54,2.28,2.43,2.68,2.90,3.01,2.69,2.20,2.36,2.84,2.92,2.89,2.73,2.37,2.43,2.56,2.67,2.98,2.60,2.61,2.46,2.69,2.67,2.93,2.65,2.44
10.0,9.75,6.31,4.41,4.01,3.09,2.64,2.37,2.61,3.11,3.19,2.94,2.66,2.43,2.68,3.15,3.14,2.96,2.39,2.62,2.94,3.07,3.13,2.89,2.71,2.38,2.83,3.21,3.12,2.48,2.61,2.39,2.39,2.85,3.15,3.23,2.58,2.53,2.55,3.09,3.18,2.97,2.54,2.92,3.08,3.10,2.88,2.83,2.65,2.46,2.97,3.07,3.12,2.94,2.56,3.22,2.76,2.78,3.26,2.99
10.0,8.21,,2.44,2.05,1.67,1.49,1.64,1.76,1.82,1.73,1.50,1.52,1.54,1.76,1.85,1.74,1.67,1.31,1.62,1.43,1.83,1.78,1.53,1.49,1.57,1.75,1.71,1.72,1.53,1.42,1.65,1.79,1.80,1.74,1.57,1.57,1.67,1.67,1.78,1.74,1.47,1.63,1.70,1.72,1.80,1.72,1.64,1.53,1.65,1.76,1.83,1.77,1.57,1.41,1.58,1.61,1.82,1.70,1.72
10.0,7.40,4.64,3.32,3.02,2.55,2.70,3.01,2.83,2.42,2.72,2.69,2.88,2.89,2.80,2.42,2.50,2.27,2.65,3.04,2.99,2.67,2.35,2.67,2.58,3.02,3.07,2.97,2.48,2.51,2.66,2.82,2.96,2.68,2.70,2.42,2.84,3.02,2.74,2.58,2.54,2.99,2.97,2.88,2.94,2.46,2.22,2.60,3.06,2.89,2.59,2.58,2.50,2.55,2.78,2.90,2.76,2.36,2.40,2.73
10.0,6.40,4.31,4.17,3.35,2.41,2.36,2.40,2.83,3.06,2.97,2.68,2.34,2.49,2.69,2.94,2.97,2.57,2.36,2.41,2.64,2.93,2.76,2.49,2.25,2.37,2.69,2.98,2.86,2.62,2.50,2.30,2.90,3.03,2.85,2.60,2.34,2.27,2.59,2.91,2.83,2.87,3.02,2.34,2.74,3.04,2.81,2.73,2.46,2.37,2.56,2.88,3.20,2.50,2.35,2.18,2.70,2.98,3.05,3.24
10.0,9.63,6.27,4.51,2.54,2.60,2.57,2.88,2.92,3.01,2.69,2.58,2.83,2.76,3.34,2.76,2.56,2.70,2.78,2.96,3.07,3.02,2.58,2.80,3.20,2.93,2.94,3.05,2.68,2.60,2.80,2.94,3.15,3.07,2.52,2.64,2.66,2.71,2.99,3.06,2.66,3.07,3.18,2.72,2.99,3.11,2.58,2.20,2.67,3.04,3.19,3.08,2.68,2.62,2.76,2.93,3.19,3.18,2.58,2.55
10.0,9.61,4.88,3.92,3.89,2.94,2.41,3.12,2.90,2.43,3.05,3.06,2.80,2.45,2.61,2.86,3.14,3.03,2.90,2.41,2.69,2.76,3.13,2.63,2.60,2.64,2.38,3.02,3.20,3.07,2.79,2.63,2.50,3.05,3.20,2.77,2.57,2.35,2.39,2.74,3.22,2.95,2.72,2.18,2.51,2.68,3.14,3.18,2.75,2.58,2.45,2.82,3.33,3.09,2.91,2.31,2.73,2.70,3.10,2.99
9.97,9.54,6.42,3.61,3.46,3.30,3.55,3.30,2.95,2.44,2.65,3.12,3.64,3.19,2.70,2.83,2.69,3.11,3.60,3.06,3.01,3.63,3.48,2.78,3.55,3.23,2.82,2.74,2.92,2.98,3.86,2.50,2.87,2.55,2.51,2.91,3.53,3.40,3.20,2.54,2.84,3.07,3.85,3.34,2.85,2.52,2.70,3.10,3.71,3.20,3.10,2.49,2.72,3.25,3.65,3.46,3.19,2.30,3.02,3.25
9.98,6.65,3.84,3.49,2.56,2.82,2.77,3.08,2.66,2.61,2.53,2.58,2.61,2.86,2.68,2.78,2.50,2.66,2.80,2.96,2.65,2.59,2.48,2.56,2.80,2.83,2.79,2.64,2.64,2.70,2.80,2.73,2.48,2.75,2.51,2.78,2.76,2.88,2.75,2.56,2.42,2.83,2.70,2.73,2.99,2.61,2.23,2.63,2.75,2.94,2.30,2.63,2.54,2.80,2.80,2.92,2.74,2.55,2.47,2.59
10.0,9.96,3.67,2.59,2.04,1.61,1.19,1.07,1.09,1.11,1.07,1.00,.986,1.07,1.14,1.18,1.12,1.08,1.05,1.14,1.08,1.08,1.11,1.02,1.00,1.12,1.09,1.15,1.05,.970,1.04,1.02,1.10,1.05,1.08,1.07,1.01,1.06,1.15,1.09,1.09,1.06,1.01,1.05,1.10,1.15,1.12,1.00,1.12,1.11,1.11,1.12,1.12,1.02,1.09,1.05,1.14,1.16,1.10,1.13
9.98,9.47,6.85,4.10,4.16,3.24,2.91,2.67,2.70,3.24,3.47,3.44,3.13,2.53,2.89,2.90,3.47,3.38,3.57,3.82,2.79,3.18,3.56,3.17,3.03,2.80,2.78,3.01,3.44,3.50,2.95,2.65,2.88,3.06,3.57,3.35,2.90,2.66,3.07,3.12,3.50,3.36,3.09,2.68,2.66,2.86,3.64,3.16,3.04,2.61,3.02,3.04,3.56,3.25,2.91,2.77,2.94,2.95,3.59,3.60
9.98,9.37,7.25,3.98,1.91,1.64,1.47,1.64,1.90,1.79,1.66,1.44,1.49,1.70,1.87,1.80,1.55,1.54,1.45,1.68,1.90,1.72,1.71,1.56,1.67,1.56,1.86,1.67,1.62,1.56,1.55,1.77,1.77,1.83,1.61,1.59,1.68,1.75,1.84,1.73,1.68,1.53,1.48,1.74,1.84,1.77,1.62,1.61,1.46,1.63,1.84,1.74,1.74,1.50,1.73,1.56,1.90,1.82,1.67,1.64
9.96,6.98,4.27,3.30,3.69,2.81,2.36,2.57,2.60,2.53,3.06,2.84,2.57,2.88,2.68,2.49,3.00,2.78,2.44,2.33,2.73,2.50,2.90,2.91,2.36,2.41,2.57,2.66,2.99,2.88,2.45,2.42,2.47,2.64,3.04,2.86,2.53,2.29,2.54,2.65,2.96,2.90,2.93,3.05,2.48,2.34,2.88,3.03,2.52,2.25,2.40,2.48,2.99,2.74,2.61,2.37,2.50,2.72,2.97,2.90
9.98,9.44,6.09,4.08,3.06,2.45,2.78,2.60,3.03,3.10,2.54,2.55,2.94,2.76,3.13,2.97,2.71,2.47,2.85,2.91,3.10,3.04,3.24,2.67,2.85,2.53,2.99,3.08,2.54,2.64,2.77,2.66,3.18,2.87,2.53,2.58,2.74,2.79,3.06,3.08,2.64,2.44,2.72,2.63,3.07,3.03,2.68,2.73,2.73,3.26,3.24,2.83,2.39,2.50,2.65,2.92,3.11,2.99,2.70,2.67
9.99,5.56,5.16,3.75,1.55,1.36,1.34,1.46,1.51,1.49,1.46,1.37,1.41,1.33,1.55,1.51,1.41,1.41,1.41,1.37,1.53,1.52,1.46,1.40,1.38,1.46,1.48,1.47,1.46,1.35,1.45,1.30,1.55,1.49,1.49,1.36,1.40,1.45,1.55,1.51,1.46,1.50,1.42,1.41,1.58,1.39,1.50,1.27,1.46,1.39,1.56,1.58,1.46,1.41,1.31,1.41,1.59,1.52,1.48,1.31
9.99,9.18,6.06,4.16,3.66,3.66,3.11,2.83,2.89,2.96,3.12,3.49,3.33,2.85,2.69,3.11,3.14,3.59,3.14,2.89,2.86,3.00,2.98,3.52,3.02,3.00,2.88,2.78,2.90,3.56,3.02,3.05,2.64,2.89,3.47,3.59,3.26,2.94,2.68,3.14,3.04,3.60,3.19,2.97,3.58,3.25,2.92,3.40,3.34,2.83,2.75,2.74,3.27,3.34,3.18,2.66,2.70,2.91,3.24,3.67
9.96,7.07,3.42,3.43,3.54,3.14,2.55,2.36,2.12,2.64,2.90,3.06,2.50,2.41,2.27,2.60,2.90,2.96,2.63,2.53,2.33,2.70,2.87,2.90,2.74,2.40,2.21,2.67,3.17,2.75,2.47,2.46,2.37,2.57,2.94,2.95,2.57,2.73,2.84,2.53,2.91,2.96,2.85,2.74,2.76,2.82,2.66,2.90,2.60,2.44,2.20,2.56,2.79,2.93,2.65,3.05,2.78,2.38,2.81,2.93
9.97,9.20,6.80,4.23,2.87,2.87,3.13,3.38,3.76,3.11,2.48,2.75,3.08,3.29,3.50,3.14,2.95,2.72,3.15,3.20,3.28,3.43,2.59,2.54,2.92,3.34,3.43,3.25,2.95,2.36,2.96,3.29,3.28,3.52,2.66,2.68,3.15,3.37,3.34,3.28,2.75,2.69,3.01,3.50,3.37,3.22,2.85,2.66,3.67,3.41,3.19,2.94,2.94,2.81,3.26,3.17,3.44,3.29,2.78,3.13
9.98,6.08,4.23,3.62,2.71,3.08,2.60,2.49,2.48,2.61,3.02,2.89,2.76,2.37,2.54,2.40,2.73,2.79,2.94,2.38,2.24,2.66,2.53,2.84,2.75,2.32,2.43,2.58,2.84,2.94,2.85,2.10,2.15,2.62,2.92,2.90,2.72,2.31,2.47,2.59,2.66,2.83,2.75,2.50,2.42,2.55,2.81,2.95,2.62,2.31,2.59,3.11,2.84,2.80,2.73,2.49,2.41,2.62,2.59,3.00
9.97,6.41,3.96,3.82,3.52,2.85,2.59,2.25,2.58,2.71,2.93,2.69,2.52,2.92,2.88,2.57,2.94,2.41,2.46,2.25,2.71,2.71,3.00,2.54,2.61,2.24,2.51,2.64,2.88,2.76,2.45,2.29,2.56,2.75,2.87,2.37,2.49,2.15,2.57,2.95,3.12,2.75,2.48,2.30,2.51,2.71,3.10,2.73,2.65,2.21,2.63,2.68,3.07,2.27,2.40,2.82,3.02,2.62,2.71,2.78
10.0,9.92,8.38,4.14,3.59,3.31,3.02,3.02,2.80,2.46,2.85,2.95,3.02,2.93,2.70,2.67,2.67,2.97,3.02,3.12,2.81,2.70,2.75,3.10,2.96,2.86,2.84,2.59,2.76,2.95,3.10,3.00,2.85,3.23,3.09,2.87,3.09,3.04,2.70,2.37,2.75,2.89,3.02,3.25,2.74,2.43,2.82,3.04,2.95,3.13,2.59,2.44,2.79,2.96,2.90,2.96,2.58,2.63,2.55,2.92
9.97,6.23,3.79,3.25,3.30,3.29,2.78,2.28,2.51,2.80,3.02,2.86,2.88,2.44,2.38,2.50,2.67,2.97,2.78,2.30,2.52,2.42,2.76,2.89,2.89,2.40,2.56,2.49,2.63,2.86,2.68,2.49,2.54,2.49,2.69,2.91,2.84,2.94,2.64,2.29,2.70,2.97,2.79,2.61,2.30,2.24,2.84,3.00,2.80,2.69,2.46,2.40,2.48,3.02,2.82,2.24,2.49,2.50,2.70,3.00
9.93,5.03,4.80,3.96,3.08,2.64,2.26,2.44,3.11,2.96,2.82,2.25,2.17,2.46,2.91,2.80,2.65,2.43,2.45,2.42,3.08,2.84,2.90,2.27,2.56,2.46,3.07,2.86,2.63,2.42,2.43,2.33,3.08,2.95,2.82,2.32,2.34,2.42,3.20,2.91,2.71,2.45,2.36,2.49,3.01,3.06,2.69,2.41,2.32,2.47,2.89,2.98,2.61,2.69,2.25,2.65,3.17,2.99,2.74,2.59
9.94,5.96,3.59,2.96,2.75,2.75,3.22,2.86,2.62,2.23,2.55,2.63,3.08,2.95,2.59,2.53,2.45,2.62,3.03,2.84,2.48,2.48,2.54,2.78,3.11,2.84,2.63,2.44,2.23,2.76,3.04,2.85,2.61,2.19,2.59,2.63,3.04,2.92,2.31,2.54,2.31,2.67,3.21,2.82,2.60,2.44,2.55,2.80,3.09,2.77,2.46,2.38,2.49,2.67,3.11,2.78,2.37,2.30,2.51,2.78
9.88,6.27,4.33,3.01,2.57,2.40,2.77,3.13,2.77,2.79,2.34,2.46,2.67,3.00,2.87,2.53,2.57,2.69,2.77,3.05,2.74,2.50,2.27,2.36,2.62,2.95,2.71,2.84,2.33,2.58,2.66,2.94,2.66,2.63,2.50,2.60,2.82,2.93,3.07,2.41,2.39,2.36,2.58,2.91,2.85,2.45,2.64,2.64,2.65,3.08,2.74,2.54,2.44,2.40,2.41,3.10,2.84,2.35,2.16,2.67
9.96,6.97,4.65,4.01,2.81,1.55,1.40,1.44,1.50,1.47,1.44,1.33,1.36,1.45,1.52,1.51,1.39,1.35,1.33,1.40,1.58,1.46,1.38,1.24,1.40,1.35,1.53,1.51,1.42,1.34,1.38,1.40,1.64,1.55,1.35,1.35,1.47,1.40,1.54,1.46,1.37,1.31,1.43,1.44,1.55,1.55,1.41,1.52,1.45,1.35,1.59,1.45,1.49,1.35,1.36,1.36,1.55,1.56,1.42,1.34
9.95,8.50,4.25,4.35,3.53,2.81,2.57,2.41,2.79,3.12,3.19,2.91,2.58,2.64,2.38,3.09,3.20,2.95,2.52,2.37,2.70,3.19,3.05,2.97,2.77,2.40,2.80,3.07,3.08,2.85,2.67,2.46,2.42,3.13,3.16,3.00,2.69,2.61,2.59,3.10,3.12,2.86,2.56,2.61,2.56,3.10,3.15,2.95,2.50,2.33,2.51,3.15,3.17,2.86,2.56,2.33,2.49,3.17,3.07,3.04
9.64,4.68,4.32,3.38,1.51,1.37,1.31,1.33,1.52,1.54,1.49,1.34,1.42,1.36,1.60,1.56,1.47,1.54,1.40,1.40,1.54,1.44,1.49,1.47,1.31,1.42,1.49,1.54,1.55,1.35,1.36,1.40,1.54,1.60,1.48,1.35,1.34,1.40,1.50,1.45,1.43,1.43,1.37,1.44,1.51,1.60,1.46,1.34,1.49,1.43,1.59,1.61,1.46,1.47,1.32,1.55,1.57,1.38,1.48,1.48
9.51,5.60,4.10,3.24,2.77,2.55,2.61,3.01,3.05,2.53,2.55,2.47,2.62,2.73,3.13,2.57,2.44,2.66,2.39,2.75,2.89,2.72,2.55,2.86,2.99,2.70,2.93,2.79,2.91,2.31,2.67,2.93,2.78,2.63,2.38,2.53,2.32,2.93,2.98,2.58,2.44,2.26,2.65,2.97,2.79,2.79,2.49,3.08,2.85,3.07,3.10,2.94,2.39,2.52,2.36,3.03,2.90,2.45,2.39,2.79
9.32,3.39,4.35,3.58,3.28,2.72,2.33,2.33,2.90,2.92,2.93,2.76,2.29,2.30,2.91,3.05,2.91,2.88,2.43,2.41,3.06,2.94,2.65,2.80,2.58,2.38,2.79,3.03,2.92,2.66,2.25,2.06,2.85,2.81,3.15,2.94,2.85,2.53,2.55,3.04,3.04,2.68,2.35,2.38,2.61,2.96,2.94,2.85,2.62,2.33,2.67,2.77,2.97,2.68,2.23,2.42,2.63,2.86,2.93,2.98
9.61,5.67,3.89,1.55,1.43,1.35,1.57,1.50,1.47,1.32,1.36,1.41,1.56,1.56,1.41,1.49,1.27,1.40,1.58,1.47,1.44,1.35,1.40,1.34,1.49,1.50,1.41,1.39,1.37,1.38,1.58,1.54,1.41,1.43,1.34,1.44,1.57,1.57,1.46,1.37,1.40,1.35,1.58,1.48,1.44,1.42,1.31,1.44,1.57,1.45,1.48,1.43,1.40,1.36,1.57,1.49,1.49,1.25,1.36,1.62
10.0,9.94,6.46,4.86,3.60,3.79,2.47,2.26,2.94,2.98,2.74,2.67,2.38,2.54,2.69,2.92,2.65,2.17,2.57,2.55,2.46,3.07,2.57,2.38,2.25,2.58,2.75,2.94,2.80,2.28,2.33,2.55,2.89,3.00,2.79,2.38,2.25,2.57,2.75,3.00,2.72,2.26,2.47,2.45,2.55,3.00,2.59,2.36,2.44,2.70,2.71,3.01,2.82,2.56,2.31,2.47,2.97,3.00,2.67,2.52
9.56,5.32,4.20,2.99,2.76,2.81,2.80,3.06,3.05,2.37,2.25,2.64,2.62,2.65,2.89,2.50,2.46,2.53,2.86,2.88,2.64,2.46,2.46,2.79,2.80,2.91,2.69,2.45,2.55,2.47,2.87,2.99,2.73,2.28,2.45,2.62,2.83,2.81,2.82,2.50,2.56,2.70,2.83,3.07,2.81,2.52,2.54,2.76,2.59,2.57,2.77,2.41,2.34,2.77,2.98,2.84,2.88,2.60,2.07,3.01
9.68,5.36,3.59,3.02,3.13,3.21,2.84,2.52,2.43,2.41,2.81,3.02,2.54,2.47,2.38,2.47,2.65,2.78,2.56,2.60,2.50,2.44,2.79,3.00,2.95,2.39,2.41,2.69,2.60,3.03,2.81,2.42,2.50,2.39,2.79,2.53,2.68,2.44,2.23,2.67,2.73,3.00,2.91,2.47,2.56,2.52,2.65,3.10,2.58,2.50,2.20,2.56,2.76,2.64,2.80,2.55,2.90,2.90,2.41,3.42
9.20,5.28,4.17,3.00,3.32,3.15,3.15,2.84,2.33,2.43,2.59,2.55,2.95,2.84,2.43,2.42,2.44,2.49,2.93,2.82,2.55,2.39,2.56,2.43,2.85,2.90,2.87,2.28,2.43,2.63,2.92,2.80,2.53,2.31,2.67,2.75,2.82,2.77,2.65,2.52,2.35,2.43,3.13,2.43,2.56,2.57,2.30,2.20,2.90,2.83,2.72,2.41,2.41,2.54,2.99,2.82,2.69,2.16,2.42,2.60
9.49,5.58,4.64,3.02,2.46,2.10,2.91,2.83,2.96,2.67,2.36,2.41,2.62,2.79,2.52,2.65,2.32,2.40,2.71,2.74,2.85,2.72,2.41,2.48,2.63,2.85,2.98,2.65,2.34,2.27,2.62,2.97,2.71,2.54,2.37,3.04,2.84,2.35,3.05,2.52,2.17,2.30,2.70,2.62,2.77,2.75,2.53,2.41,2.74,2.89,2.59,2.57,2.27,2.32,2.62,2.80,2.88,2.75,2.44,2.47
9.89,6.76,3.57,3.31,3.04,2.89,3.17,2.67,2.50,2.53,2.94,3.23,3.07,2.73,2.38,2.71,3.05,3.15,3.23,2.65,2.65,2.52,2.91,3.17,3.10,2.48,2.60,2.43,2.75,2.64,2.94,2.62,2.47,2.58,2.70,3.09,3.11,2.51,2.82,2.73,2.71,3.18,3.00,2.74,2.43,2.47,2.81,2.76,3.08,2.72,2.61,2.71,3.16,3.11,2.96,2.66,2.50,3.22,3.17,3.26
9.86,6.70,4.09,3.62,3.11,2.74,3.17,2.36,2.30,2.95,3.09,2.91,2.96,2.44,2.45,2.70,2.63,2.99,2.79,2.54,2.62,3.18,3.20,2.50,2.82,2.73,2.59,2.94,3.25,2.89,2.94,3.08,2.95,2.94,3.32,3.09,2.97,2.61,2.70,2.83,3.08,3.17,3.41,2.52,2.43,2.51,3.20,3.03,2.90,2.86,2.57,2.86,2.66,2.89,3.24,2.32,2.64,2.93,3.07,3.19
9.79,8.06,5.92,4.10,3.47,2.53,2.89,3.00,3.64,3.22,3.47,2.65,2.88,2.71,3.29,3.16,3.31,2.66,3.16,3.01,3.73,3.06,3.10,2.70,2.64,2.89,3.73,3.44,3.17,2.85,3.52,3.01,3.04,3.28,2.88,2.92,3.27,3.29,3.58,3.32,3.19,2.73,2.70,3.11,3.58,3.58,3.22,2.91,2.84,2.77,3.10,3.39,3.37,2.78,2.72,2.88,3.75,3.19,3.16,3.09
9.10,1.15,1.79,1.47,1.65,1.67,1.67,1.41,1.48,1.39,1.47,1.68,1.64,1.46,1.40,1.51,1.51,1.65,1.64,1.33,1.49,1.41,1.61,1.63,1.58,1.53,1.39,1.51,1.55,1.67,1.54,1.46,1.35,1.38,1.46,1.68,1.58,1.50,1.40,1.32,1.51,1.68,1.62,1.52,1.30,1.51,1.48,1.69,1.63,1.39,1.57,1.45,1.57,1.69,1.59,1.50,1.45,1.49,1.52,1.75
9.13,5.63,4.25,3.32,2.63,2.56,2.60,2.93,2.98,2.76,2.46,2.25,2.27,2.98,2.96,2.62,2.41,2.33,2.25,2.89,2.82,2.70,2.49,2.60,2.71,2.82,2.75,2.78,2.28,2.45,2.24,2.85,2.93,2.84,2.58,2.74,2.81,2.87,2.86,2.71,2.43,2.35,2.39,2.90,2.92,2.75,2.62,2.19,2.13,3.00,2.83,2.62,2.34,2.38,2.52,2.98,2.82,2.93,2.23,2.53
9.83,6.58,4.30,4.06,3.31,2.64,2.62,2.41,2.67,3.29,3.19,2.89,2.44,2.57,2.58,3.20,3.10,2.81,2.58,2.72,2.67,3.22,3.01,2.91,2.56,2.41,2.71,3.36,2.97,2.92,2.21,2.50,2.73,3.15,2.95,2.87,2.44,2.42,2.79,3.20,3.04,2.77,2.55,2.70,2.68,3.35,3.07,2.88,2.54,2.51,2.76,3.10,3.10,2.66,2.84,2.49,2.77,3.20,3.25,2.93
10.0,9.92,8.11,4.13,2.81,3.14,3.28,3.10,2.77,2.44,2.68,2.55,3.06,3.18,2.75,2.54,2.81,2.69,3.16,2.97,2.90,2.52,2.71,2.60,3.23,3.02,2.82,2.56,2.39,2.51,3.19,2.98,2.70,2.75,2.48,2.75,3.23,3.20,2.62,2.58,2.24,2.68,3.17,3.10,2.90,2.55,2.51,2.67,3.15,3.13,3.32,2.71,2.37,2.92,3.15,3.03,2.80,2.73,2.39,2.85
9.84,6.63,4.55,3.17,2.47,2.48,3.05,3.06,3.11,2.56,2.78,2.86,3.11,2.93,2.95,2.37,2.59,2.71,3.08,3.19,2.82,2.63,2.34,2.73,3.03,3.16,2.90,2.68,2.50,2.61,2.88,2.95,3.00,2.54,2.56,2.52,3.01,3.04,3.04,2.62,2.38,2.64,2.96,3.18,2.66,2.60,2.71,3.02,3.24,3.21,2.57,2.34,2.41,2.96,3.04,3.21,3.02,2.51,2.49,2.96
9.77,7.37,3.81,3.15,3.31,3.60,3.34,2.72,2.83,2.72,3.27,3.75,3.36,2.89,2.63,2.83,3.33,3.56,3.21,3.22,3.02,3.09,3.36,3.49,3.29,2.99,2.84,2.83,3.29,3.58,3.34,2.99,2.86,2.91,3.36,3.58,3.34,2.63,2.63,2.74,3.39,3.43,3.21,3.06,2.53,2.66,3.23,3.49,3.46,3.47,3.30,2.75,3.22,3.49,3.21,2.72,3.04,2.82,3.37,3.88
7.77,4.06,3.32,3.26,2.93,3.01,2.81,2.20,2.27,2.56,2.89,2.95,2.80,2.38,2.66,2.61,2.72,3.20,2.62,2.49,2.50,2.61,2.70,3.07,2.62,2.37,2.44,2.67,2.81,3.02,2.84,2.52,2.46,2.69,2.83,2.98,2.87,2.39,2.24,2.58,2.65,3.04,2.65,2.42,2.49,2.49,2.72,3.05,2.68,2.50,2.44,2.79,2.82,3.16,2.68,2.47,2.39,2.72,3.17,3.70
8.16,5.03,3.97,3.09,2.35,2.80,3.01,2.75,2.62,2.28,2.46,2.65,3.03,2.85,2.83,2.29,2.33,2.71,3.02,2.68,2.61,2.54,2.30,2.75,2.96,2.73,2.63,2.34,2.48,2.74,2.82,3.00,2.67,2.59,2.57,2.54,3.07,2.84,2.77,2.45,2.60,2.67,2.94,2.80,2.97,2.58,2.61,2.70,3.02,2.91,2.59,2.42,2.45,2.81,3.20,2.79,2.59,2.44,2.43,3.16
9.69,7.61,4.14,3.56,3.14,2.84,3.60,3.44,3.00,2.70,2.91,3.16,3.71,3.29,3.32,2.80,2.93,3.00,3.65,3.22,2.85,2.70,3.12,2.82,3.65,3.33,2.88,2.39,3.13,3.18,3.62,2.85,3.00,2.50,2.47,3.02,3.67,3.27,2.78,2.81,2.84,2.81,3.72,3.57,2.92,2.67,3.18,2.81,3.58,3.31,3.01,2.59,2.85,3.20,3.60,3.69,2.64,2.73,3.12,3.20
9.70,7.47,5.20,3.66,2.70,2.93,3.39,3.65,3.37,2.68,2.55,2.71,2.92,3.33,3.63,3.27,2.87,2.78,3.27,3.40,3.55,3.12,2.79,2.52,3.23,3.28,3.56,2.84,2.34,2.84,3.17,3.24,3.34,3.20,2.64,2.83,3.39,3.40,3.53,2.99,2.82,3.33,3.28,3.23,3.59,3.12,2.30,2.84,3.09,3.21,3.67,3.17,2.84,2.77,3.01,3.32,3.58,3.44,2.54,3.29
7.70,4.76,3.55,2.73,2.78,2.68,3.03,2.71,2.48,2.61,2.89,2.69,3.19,2.75,2.29,2.80,3.04,2.78,3.00,2.75,2.53,2.31,2.76,2.83,2.94,2.72,2.37,2.51,2.46,2.82,2.92,2.71,2.37,2.27,2.71,2.82,2.91,2.63,2.45,2.36,2.74,2.94,3.07,2.94,2.49,2.53,2.77,2.80,2.96,2.72,2.48,2.37,2.60,2.79,2.94,2.68,2.59,2.43,2.64,3.20
7.31,1.73,1.94,1.66,1.49,1.54,1.44,1.50,1.46,1.66,1.49,1.67,1.52,1.50,1.43,1.41,1.59,1.64,1.58,1.44,1.49,1.45,1.54,1.65,1.47,1.60,1.52,1.47,1.42,1.63,1.58,1.43,1.52,1.54,1.61,1.65,1.60,1.44,1.44,1.43,1.53,1.57,1.44,1.54,1.62,1.59,1.46,1.69,1.59,1.41,1.46,1.41,1.49,1.64,1.55,1.55,1.31,1.48,1.48,2.19
8.27,4.63,2.81,2.96,3.01,2.78,2.92,2.68,2.29,2.38,2.44,3.01,2.82,2.67,2.99,2.58,2.39,2.80,2.85,2.51,2.34,2.44,2.61,2.76,3.02,2.59,2.37,2.45,2.54,3.04,2.83,2.64,2.68,3.17,2.29,2.87,2.88,2.59,2.29,2.59,2.44,2.94,2.78,2.53,2.40,2.28,2.52,2.87,2.77,2.65,2.38,2.55,2.38,2.76,3.00,2.41,2.24,2.46,2.62,3.41
7.97,4.46,4.18,3.63,2.81,1.23,1.00,1.04,1.02,1.03,1.01,.993,.929,.985,1.06,1.05,.969,.951,1.00,.978,1.05,1.05,.962,.973,.989,1.03,1.08,1.02,.992,1.03,.963,1.01,1.10,1.01,1.07,.962,.963,.989,.987,1.03,.940,.958,.987,1.01,.970,1.08,.977,1.01,.932,1.00,1.04,1.01,1.04,1.03,1.02,1.04,1.06,.941,1.02,1.01
10.0,9.90,8.06,2.32,1.90,1.68,1.51,1.39,1.45,1.47,1.58,1.42,1.60,1.44,1.36,1.48,1.49,1.67,1.42,1.44,1.46,1.38,1.49,1.55,1.62,1.45,1.52,1.38,1.54,1.47,1.58,1.52,1.50,1.53,1.48,1.69,1.62,1.36,1.42,1.46,1.58,1.60,1.55,1.60,1.45,1.47,1.49,1.51,1.57,1.45,1.39,1.49,1.49,1.58,1.62,1.33,1.51,1.49,1.54,1.53
7.72,4.13,3.81,3.90,2.89,2.58,2.35,2.68,2.71,2.99,2.71,2.55,2.56,2.62,2.51,3.14,2.75,2.39,2.41,2.68,2.69,3.01,2.54,2.43,2.41,2.55,2.71,3.10,2.74,2.51,2.37,2.49,2.76,2.99,2.81,2.30,2.43,2.38,2.59,3.05,2.65,2.45,2.47,2.58,2.65,2.96,2.49,2.50,2.48,2.44,2.78,3.01,2.72,2.29,2.29,2.59,2.70,3.08,2.75,2.94
9.54,5.53,4.21,3.68,2.32,2.43,2.85,3.17,3.01,2.99,2.52,2.50,2.73,3.22,3.13,2.83,2.51,2.51,2.69,2.54,3.07,2.91,2.51,2.53,2.70,2.98,3.03,2.83,2.43,2.37,2.99,2.97,2.92,2.79,2.47,2.70,2.96,2.50,2.95,2.80,2.82,2.33,2.69,3.07,3.05,2.99,2.61,2.74,2.78,3.16,3.10,2.74,2.60,2.43,2.95,2.44,3.02,2.89,2.54,2.93
9.52,5.75,3.82,3.63,1.80,1.53,1.30,1.45,1.38,1.62,1.61,1.47,1.48,1.34,1.56,1.58,1.64,1.47,1.37,1.53,1.54,1.62,1.61,1.57,1.39,1.37,1.54,1.62,1.61,1.57,1.52,1.57,1.66,1.55,1.69,1.58,1.31,1.51,1.47,1.69,1.63,1.56,1.44,1.33,1.60,1.69,1.69,1.57,1.39,1.48,1.57,1.65,1.59,1.57,1.30,1.55,1.59,1.65,1.67,1.65
7.72,4.35,4.27,3.47,3.17,2.30,2.57,2.61,3.07,2.86,2.69,2.20,2.48,2.67,2.90,2.83,2.78,2.43,2.42,2.64,3.05,2.87,2.60,2.19,2.48,2.57,2.99,2.80,2.65,2.30,2.43,2.54,3.21,2.93,2.55,2.63,2.31,2.34,3.01,2.95,2.58,2.27,2.46,2.52,2.90,2.81,2.65,2.32,2.39,2.64,2.92,2.91,2.70,2.52,2.37,2.68,3.11,2.80,2.70,2.54
7.09,3.99,3.76,3.55,3.20,2.79,2.36,2.51,2.40,2.99,2.91,2.74,2.37,2.19,2.25,2.90,2.92,2.60,2.21,2.52,2.73,2.75,2.94,2.71,2.44,2.55,2.71,2.85,2.86,2.65,2.02,2.49,2.42,2.93,3.00,2.75,2.36,2.42,2.74,2.94,2.78,2.63,2.55,2.31,2.59,2.84,2.95,2.74,2.38,2.37,2.60,2.89,3.12,2.45,2.11,2.21,2.79,3.05,2.95,2.92
9.35,6.15,2.90,2.86,3.09,3.57,3.44,2.95,2.53,2.97,3.36,3.61,3.46,3.11,2.73,2.90,3.13,3.72,3.31,3.07,2.69,3.09,3.08,3.59,3.47,2.98,2.87,2.97,3.11,3.66,3.25,2.92,2.48,2.64,3.24,3.68,3.34,3.09,2.66,3.14,3.13,3.61,3.41,3.08,2.51,3.02,3.20,3.49,3.68,2.86,2.73,2.86,2.98,3.53,3.39,2.72,2.77,2.72,2.87,4.15
5.15,1.30,1.94,1.60,1.56,1.06,1.08,1.08,1.07,1.07,1.13,1.10,1.06,1.02,1.03,1.02,1.07,1.08,1.09,1.01,1.10,1.04,1.07,1.10,1.08,1.10,1.00,1.03,1.11,1.08,1.09,1.06,1.04,1.02,1.09,1.13,1.06,1.05,1.08,1.05,1.13,1.11,1.08,.970,1.12,1.07,1.10,1.07,1.04,1.09,1.04,1.06,1.13,1.11,1.09,1.04,1.01,1.05,1.57,1.79
6.69,3.75,3.74,3.79,2.97,2.45,2.24,2.46,2.72,3.01,2.93,2.78,2.65,2.30,2.65,3.04,2.94,2.39,2.35,2.53,2.46,3.10,2.78,2.35,2.43,2.96,2.83,2.73,2.79,2.64,2.29,2.46,2.68,3.21,2.81,2.49,2.21,2.30,2.78,3.05,2.84,2.63,2.28,2.43,2.84,3.00,2.80,2.54,2.41,2.52,2.58,3.02,2.89,2.43,2.30,2.50,2.64,3.02,2.96,2.77
6.52,5.06,2.12,1.61,1.41,1.40,1.47,1.55,1.42,1.37,1.35,1.52,1.52,1.52,1.52,1.38,1.45,1.32,1.54,1.59,1.43,1.44,1.31,1.30,1.47,1.58,1.51,1.39,1.35,1.40,1.49,1.55,1.48,1.42,1.34,1.44,1.55,1.61,1.39,1.40,1.32,1.53,1.49,1.51,1.52,1.36,1.38,1.47,1.50,1.65,1.47,1.38,1.32,1.36,1.35,1.63,1.51,1.38,1.45,1.75
5.60,4.40,3.05,2.60,2.73,2.91,2.77,2.70,2.55,2.33,2.85,2.90,2.48,2.91,2.77,2.94,2.81,2.91,2.87,2.61,2.36,2.45,2.54,2.96,2.62,2.74,2.42,2.43,2.63,2.77,2.54,2.54,2.44,2.46,2.73,2.79,2.87,2.92,2.32,2.41,2.69,2.83,2.87,2.94,2.18,2.52,2.63,2.89,2.43,2.83,2.34,2.61,2.60,2.87,2.89,2.60,2.50,2.60,2.98,3.42
10.0,9.93,8.63,6.17,3.93,3.26,2.53,3.17,3.67,3.45,2.96,2.94,2.51,3.06,3.23,3.50,2.73,2.96,2.74,2.47,2.69,3.56,3.52,3.17,2.88,2.82,3.18,3.57,3.35,2.70,2.70,2.98,3.05,3.58,2.94,2.82,2.66,3.01,3.38,3.71,3.20,2.86,2.64,3.02,3.10,3.59,3.31,2.73,2.64,3.02,3.09,3.46,2.89,2.81,2.76,3.21,2.81,3.47,3.39,3.05
6.01,3.85,2.96,2.62,2.88,2.99,2.73,2.40,2.33,2.76,2.69,3.01,2.60,2.46,2.36,2.74,2.77,3.15,2.82,2.47,2.56,2.57,2.70,2.87,2.85,2.63,2.43,2.66,2.67,2.94,2.72,3.04,2.61,2.59,2.63,2.94,2.62,2.66,2.27,2.70,2.99,3.04,2.98,2.45,2.25,2.66,2.77,3.06,2.48,2.66,2.35,2.70,2.78,2.88,2.64,2.57,2.34,2.59,2.62,3.88
6.19,3.67,2.95,2.80,2.72,2.99,2.91,2.42,2.38,2.73,2.70,2.96,3.00,2.82,2.25,2.57,2.55,2.93,3.10,2.51,2.97,2.67,2.46,2.97,2.74,2.34,2.44,2.85,2.57,3.06,2.96,2.35,2.26,2.62,2.67,3.03,2.89,2.45,2.24,2.74,2.53,2.98,2.72,2.38,2.38,2.74,2.65,2.93,2.90,2.42,2.45,2.63,2.69,2.92,2.88,2.47,2.36,2.58,2.70,4.07
9.06,4.45,3.50,3.63,2.99,2.71,2.73,2.59,2.72,3.15,3.05,2.68,2.45,2.41,2.92,3.09,3.12,2.61,2.48,2.55,2.54,3.31,3.13,2.71,2.40,2.45,2.52,3.11,3.03,2.85,2.41,2.64,2.78,3.14,3.05,2.68,2.47,2.47,2.66,3.23,3.01,2.59,2.51,2.32,2.66,2.99,3.20,2.67,2.62,2.61,2.67,3.28,3.22,2.81,2.44,2.39,2.82,3.18,3.11,3.32
6.36,4.35,3.36,2.98,3.04,2.54,3.07,2.99,2.49,2.53,2.70,2.64,3.00,2.72,2.72,2.41,2.64,2.63,3.04,2.81,2.59,2.39,2.61,2.46,3.08,2.91,2.59,2.44,2.62,2.68,3.08,2.86,2.26,2.34,2.49,2.70,3.04,2.80,2.68,2.34,2.46,2.85,2.95,2.67,2.68,2.60,2.44,2.70,2.95,2.87,2.52,2.36,2.60,2.74,3.06,2.71,2.77,2.30,2.83,3.41
6.18,3.79,4.18,3.45,2.50,2.35,2.42,2.59,3.05,2.69,2.60,2.28,2.49,2.69,2.46,2.69,2.56,2.52,2.26,2.49,3.03,2.74,2.51,2.56,2.49,2.54,2.94,2.77,2.60,2.44,2.54,2.46,2.63,2.87,2.71,2.28,2.59,2.36,2.98,2.88,2.66,2.44,2.43,2.48,3.00,2.76,2.69,2.39,2.68,2.62,2.50,2.66,2.76,2.36,2.42,2.53,2.99,2.92,2.64,2.88
3.37,2.38,1.59,1.16,1.00,.946,1.02,.994,1.02,.898,1.02,.972,1.08,1.01,.969,1.01,1.03,.928,1.07,.984,1.04,.960,1.03,1.02,1.04,1.02,1.00,.949,1.03,1.02,1.07,1.00,.968,.971,.991,.970,1.04,1.05,.961,.985,.927,.941,1.09,1.06,.971,1.03,.984,.974,1.09,1.01,1.01,.1000,.986,.998,1.06,1.03,.960,.992,1.07,1.18
6.39,3.13,3.07,3.09,2.44,2.80,2.69,2.43,2.71,2.72,2.86,2.70,2.38,2.44,2.76,2.76,3.09,2.91,2.51,2.22,2.53,2.81,2.50,2.76,2.52,2.56,2.48,2.70,3.01,2.64,2.41,2.52,3.10,2.75,2.70,2.59,2.71,2.14,2.61,2.70,2.69,2.79,2.57,2.09,2.40,2.82,2.95,2.87,2.53,2.16,2.63,3.01,2.89,2.64,2.45,2.65,2.41,2.69,2.47,3.50
8.85,5.90,4.76,3.57,2.98,2.72,3.07,3.17,3.50,3.49,3.03,2.45,2.82,3.48,3.41,3.46,2.95,2.54,3.02,3.16,3.45,3.17,3.11,3.32,3.65,2.84,3.51,3.15,2.66,2.58,2.72,3.50,3.17,3.04,2.92,2.89,3.04,3.37,3.59,3.16,2.78,2.92,2.93,3.29,3.54,2.98,2.76,2.61,3.12,3.32,3.47,2.68,3.08,2.55,2.62,2.96,3.51,3.11,3.03,3.86
8.28,4.19,3.31,3.15,1.58,1.60,1.47,1.50,1.48,1.57,1.70,1.47,1.51,1.34,1.53,1.49,1.66,1.60,1.52,1.45,1.43,1.58,1.63,1.64,1.53,1.48,1.53,1.57,1.68,1.57,1.46,1.37,1.55,1.54,1.56,1.48,1.41,1.51,1.56,1.59,1.70,1.52,1.63,1.40,1.52,1.53,1.71,1.57,1.41,1.55,1.49,1.60,1.54,1.61,1.47,1.38,1.54,1.65,1.80,1.90
8.18,4.10,3.02,3.23,3.04,2.99,2.52,2.57,2.61,3.18,3.02,2.90,2.70,2.46,2.68,2.98,2.97,2.77,2.55,2.77,2.54,2.80,3.14,2.96,2.35,2.45,2.67,2.99,3.10,2.91,2.40,2.63,2.76,3.10,3.19,2.83,2.41,2.61,2.61,2.89,3.07,3.04,2.46,2.62,2.55,3.13,3.20,2.61,2.86,2.88,2.62,2.96,3.22,2.91,2.66,2.57,2.84,2.65,3.28,3.56
10.0,9.65,6.23,3.98,3.17,2.77,2.75,2.68,3.01,2.47,2.62,2.38,2.84,2.67,3.05,2.69,2.45,2.31,2.76,2.52,3.06,2.75,2.57,2.42,2.48,2.53,2.93,2.57,2.30,2.47,2.72,2.64,3.02,2.92,2.67,2.31,2.72,2.60,3.13,2.92,2.53,2.34,2.75,2.82,2.96,2.54,2.79,2.50,2.75,2.62,3.07,2.73,2.67,2.54,2.59,2.45,3.20,2.90,2.51,2.43
